Gene_name,Sys_name,Telomere_phenotype,Function,References
,,,,
AAR2,YBL074C,DAmP Long,"Component of the U5 snRNP, required for splicing of U3 precursors.","Ungar et al., Nucleic Acids Res. 2009 Jul;37(12):3840-9. doi: 10.1093/nar/gkp259. Epub 2009 Apr 22."
ADE12,YNL220W,S,Adenylosuccinate synthetase,"Askree et al., Proc Natl Acad Sci U S A. 2004 Jun 8;101(23):8658-63. Epub 2004 May 25."
ADO1,YJR105W,S,Adenosine kinase,"Askree et al., Proc Natl Acad Sci U S A. 2004 Jun 8;101(23):8658-63. Epub 2004 May 25."
AGP2,YBR132C,S,"Carnitine transporter, fatty acid metabolism","Askree et al., Proc Natl Acad Sci U S A. 2004 Jun 8;101(23):8658-63. Epub 2004 May 25."
AHC2,YCR082W,L,ADA acetyltransferase component,"Gatbonton et al., PLoS Genet. 2006 Mar;2(3):e35. Epub 2006 Mar 17."
AIM4,YBR194W,ss,nuclear pore,"Puddu et al., Nature in press."
ALA1,YOR335C,DAmP Short,Cytoplasmic alanyl-tRNA synthetase.,"Ungar et al., Nucleic Acids Res. 2009 Jul;37(12):3840-9. doi: 10.1093/nar/gkp259. Epub 2009 Apr 22."
APC4,YDR118W,DAmP Short,Subunit of the Anaphase-Promoting Complex/Cyclosome (APC/C).,"Ungar et al., Nucleic Acids Res. 2009 Jul;37(12):3840-9. doi: 10.1093/nar/gkp259. Epub 2009 Apr 22."
APE3,YBR286W,S,Vacuolar protein degradation,"Askree et al., Proc Natl Acad Sci U S A. 2004 Jun 8;101(23):8658-63. Epub 2004 May 25."
ARC15,YIL062C,DAmP Short,Essential component of the Arp2/3 complex.,"Ungar et al., Nucleic Acids Res. 2009 Jul;37(12):3840-9. doi: 10.1093/nar/gkp259. Epub 2009 Apr 22."
ARC35,YNR035C,DAmP Short,Essential component of the Arp2/3 complex.,"Ungar et al., Nucleic Acids Res. 2009 Jul;37(12):3840-9. doi: 10.1093/nar/gkp259. Epub 2009 Apr 22."
ARD1,YHR013C,VL,N-terminal acetyltransferase complex,"Gatbonton et al., PLoS Genet. 2006 Mar;2(3):e35. Epub 2006 Mar 17."
ARF1,YDL192W,ss,GTP-binding protein,"Gatbonton et al., PLoS Genet. 2006 Mar;2(3):e35. Epub 2006 Mar 17."
ARG2,YJL071W,S,Glutamate acetyl transferase,"Askree et al., Proc Natl Acad Sci U S A. 2004 Jun 8;101(23):8658-63. Epub 2004 May 25."
ARP2,YDL029W,DAmP Short,Essential component of the Arp2/3 complex.,"Ungar et al., Nucleic Acids Res. 2009 Jul;37(12):3840-9. doi: 10.1093/nar/gkp259. Epub 2009 Apr 22."
ARP3,YJR065C,DAmP Short,Essential component of the Arp2/3 complex.,"Ungar et al., Nucleic Acids Res. 2009 Jul;37(12):3840-9. doi: 10.1093/nar/gkp259. Epub 2009 Apr 22."
ARV1,YLR242C,S,Sterol metabolism and transport,"Askree et al., Proc Natl Acad Sci U S A. 2004 Jun 8;101(23):8658-63. Epub 2004 May 25."
ASA1,YPR085C,ss,ASTRA complex (Tel2),Rozario D and Siede W (2012) Saccharomyces cerevisiae Tel2 plays roles in TORC signaling and telomere maintenance that can be mutationally separated. Biochem Biophys Res Commun 417(4):1182-7 PMID:22227188
ASC1©,YMR116C,L,Ribosomal subunit,"Askree et al., Proc Natl Acad Sci U S A. 2004 Jun 8;101(23):8658-63. Epub 2004 May 25."
ATC1,YDR184C,sl,bipolar budding,"Gatbonton et al., PLoS Genet. 2006 Mar;2(3):e35. Epub 2006 Mar 17."
ATM1,YMR301c,S,iron homeostasis,"Meng et al. The EMBO Journal (2009) 28, 1466–1499"
BBP1,YPL255W,DAmP Long,Protein required for the spindle pole body (SPB) duplication,"Ungar et al., Nucleic Acids Res. 2009 Jul;37(12):3840-9. doi: 10.1093/nar/gkp259. Epub 2009 Apr 22."
BEM2,YER155C,sl,"Polarity, cytoskeleton, budding","Askree et al., Proc Natl Acad Sci U S A. 2004 Jun 8;101(23):8658-63. Epub 2004 May 25."
BEM4,YPL161C,S,"Cell polarity, actin organization","Askree et al., Proc Natl Acad Sci U S A. 2004 Jun 8;101(23):8658-63. Epub 2004 May 25."
BET4,YJL032W,DAmP Long, ER–Golgi transport.,"Ungar et al., Nucleic Acids Res. 2009 Jul;37(12):3840-9. doi: 10.1093/nar/gkp259. Epub 2009 Apr 22."
BRE1,YDL074C,ss,ubiquitin ligase (E3) requred for Rad6 function,"Gatbonton et al., PLoS Genet. 2006 Mar;2(3):e35. Epub 2006 Mar 17."
BRE2,YLR015W,S,Part of the SET1 histone methylase complex,"Askree et al., Proc Natl Acad Sci U S A. 2004 Jun 8;101(23):8658-63. Epub 2004 May 25."
BRO1,YPL084W,S,"Vacuolar sorting protein, after ESCRT-III","Askree et al., Proc Natl Acad Sci U S A. 2004 Jun 8;101(23):8658-63. Epub 2004 May 25. Dieckmann et al.,  MBio. 2016 Nov 8;7(6). pii: e01793-16. doi: 10.1128/mBio.01793-16."
BUD16,YEL029C,S,"Unknown, putative pyridoxal kinase","Askree et al., Proc Natl Acad Sci U S A. 2004 Jun 8;101(23):8658-63. Epub 2004 May 25."
BUD21,YOR078W,sl,pre-20S rRNA processing,"Gatbonton et al., PLoS Genet. 2006 Mar;2(3):e35. Epub 2006 Mar 17."
BUD23,YCR047C,sl,Bud site selection,"Askree et al., Proc Natl Acad Sci U S A. 2004 Jun 8;101(23):8658-63. Epub 2004 May 25."
BUD30,YDL151C,sl,Bud site selection,"Askree et al., Proc Natl Acad Sci U S A. 2004 Jun 8;101(23):8658-63. Epub 2004 May 25."
BUD32,YGR262C,S,KEOPS complex,"Liu et al., J Genet Genomics. 2018 May 20;45(5):247-257. doi: 10.1016/j.jgg.2018.03.004. Epub 2018 May 4."
CAX4,YGR036C,VS,"ER, N-glycosylation, phosphatase","Askree et al., Proc Natl Acad Sci U S A. 2004 Jun 8;101(23):8658-63. Epub 2004 May 25."
CBC2,YPL178W,L,nuclear cap binding complex subunit,"Gatbonton et al., PLoS Genet. 2006 Mar;2(3):e35. Epub 2006 Mar 17."
CBF5,YLR175W,DAmP Long,"Pseudouridine synthase, catalytic subunit of box H/ACA snoRNPs.","Ungar et al., Nucleic Acids Res. 2009 Jul;37(12):3840-9. doi: 10.1093/nar/gkp259. Epub 2009 Apr 22."
CCW14,YLR390W-A,S,Cell wall structural protein,"Askree et al., Proc Natl Acad Sci U S A. 2004 Jun 8;101(23):8658-63. Epub 2004 May 25."
CDC13,YDL220C,DAmP Long,Telomere single-stranded DNA-binding protein.,"Ungar et al., Nucleic Acids Res. 2009 Jul;37(12):3840-9. doi: 10.1093/nar/gkp259. Epub 2009 Apr 22."
CDC16,YKL022C,DAmP Long,Subunit of the anaphase-promoting complex/cyclosome.,"Ungar et al., Nucleic Acids Res. 2009 Jul;37(12):3840-9. doi: 10.1093/nar/gkp259. Epub 2009 Apr 22."
CDC19,YAL038W,DAmP Long,"Pyruvate kinase, last step in glycolysis.","Ungar et al., Nucleic Acids Res. 2009 Jul;37(12):3840-9. doi: 10.1093/nar/gkp259. Epub 2009 Apr 22."
CDC21,YOR074C,short,dNTP synthesis,"Toussaints et al., Nucleic Acids Res. 2005 Jan 28;33(2):704-13. Print 2005."
CDC34,YDR054C,DAmP Short,Ubiquitin-conjugating enzyme (E2) and catalytic subunit of SCF complex.,"Ungar et al., Nucleic Acids Res. 2009 Jul;37(12):3840-9. doi: 10.1093/nar/gkp259. Epub 2009 Apr 22."
CDC42,YLR230W,DAmP Long, small Rho-like GTPase essential for cell polarity.,"Ungar et al., Nucleic Acids Res. 2009 Jul;37(12):3840-9. doi: 10.1093/nar/gkp259. Epub 2009 Apr 22."
CDC45,YLR103C,S,DNA replication,"Shachar et al. , Mol Syst Biol. 2008;4:172. doi: 10.1038/msb.2008.13. Epub 2008 Mar 4.  "
CDC73,YLR418C,S,PAF1 complex,"Askree et al., Proc Natl Acad Sci U S A. 2004 Jun 8;101(23):8658-63. Epub 2004 May 25. Gatbonton et al., PLoS Genet. 2006 Mar;2(3):e35. Epub 2006 Mar 17."
CDC8,YJR057W,S,dNTP synthesis,"Toussaints et al., Nucleic Acids Res. 2005 Jan 28;33(2):704-13. Print 2005."
CDC9,YDL163W,DAmP Long, DNA ligase.,"Ungar et al., Nucleic Acids Res. 2009 Jul;37(12):3840-9. doi: 10.1093/nar/gkp259. Epub 2009 Apr 22."
CDC9,YDL165w,DAmP Long, DNA ligase.,"Ungar et al., Nucleic Acids Res. 2009 Jul;37(12):3840-9. doi: 10.1093/nar/gkp259. Epub 2009 Apr 22."
CDH1,YGL003C,sl,APC/cyclosome regulator,"Askree et al., Proc Natl Acad Sci U S A. 2004 Jun 8;101(23):8658-63. Epub 2004 May 25."
CGI121,YML036W,S,KEOPS complex,"Liu et al., J Genet Genomics. 2018 May 20;45(5):247-257. doi: 10.1016/j.jgg.2018.03.004. Epub 2018 May 4."
CHO2,YGR157W,sl,phospholipid biosynthesis,"Gatbonton et al., PLoS Genet. 2006 Mar;2(3):e35. Epub 2006 Mar 17."
CMD1,YBR109C,DAmP Long,Calmodulin; Ca++-binding protein. Required for vacuolar fusion.,"Ungar et al., Nucleic Acids Res. 2009 Jul;37(12):3840-9. doi: 10.1093/nar/gkp259. Epub 2009 Apr 22."
CMK2,YOL016C,sl,"calmodulin-dependent kinase. Neighbor of ESC8, telomeric silencing","Puddu et al., Nature in press."
COG3,YER157W,DAmP Short,Component of the conserved oligomeric Golgi complex (vesicle to Golgi traffic).,"Ungar et al., Nucleic Acids Res. 2009 Jul;37(12):3840-9. doi: 10.1093/nar/gkp259. Epub 2009 Apr 22."
CPA1,YOR303W,sl,citruline biosynthesis,"Puddu et al., Nature in press."
CSM1,YCR086W,sl,Meiotic chromosome segregation. Int./Zds2,"Askree et al., Proc Natl Acad Sci U S A. 2004 Jun 8;101(23):8658-63. Epub 2004 May 25."
CSR2,YPR030W,ss,Cell wall organization,"Askree et al., Proc Natl Acad Sci U S A. 2004 Jun 8;101(23):8658-63. Epub 2004 May 25."
CST6,YIL036W,ss,"Transcriptional activator, chromosome stability","Askree et al., Proc Natl Acad Sci U S A. 2004 Jun 8;101(23):8658-63. Epub 2004 May 25."
CTF18,YMR078C,S,Subunit of a complex with Ctf8p that shares some subunits with Replication Factor C and is required for sister chromatid cohesion; may have overlapping functions with Rad24p in the DNA damage replication checkpoint,"Gatbonton et al., PLoS Genet. 2006 Mar;2(3):e35. Epub 2006 Mar 17."
CTF8,YHR191C,ss,Sister chromatid cohesion,"Gatbonton et al., PLoS Genet. 2006 Mar;2(3):e35. Epub 2006 Mar 17."
CTK1,YKL139W,S,"PolII transcription regulation, protein kinase","Askree et al., Proc Natl Acad Sci U S A. 2004 Jun 8;101(23):8658-63. Epub 2004 May 25."
CYC8,YBR112C,ss,repressor in complex w/TUP1,"Gatbonton et al., PLoS Genet. 2006 Mar;2(3):e35. Epub 2006 Mar 17."
CYR1,YJL005w,L,signal transduction (adenylate cyclase),"Meng et al. The EMBO Journal (2009) 28, 1466–1493"
DAD2,YKR083C,DAmP Short,Essential subunit of the Dam1 complex (aka DASH complex).,"Ungar et al., Nucleic Acids Res. 2009 Jul;37(12):3840-9. doi: 10.1093/nar/gkp259. Epub 2009 Apr 22."
DCC1,YCL016C,ss,CTF18 RLC-Sister chromatid cohesion,"Askree et al., Proc Natl Acad Sci U S A. 2004 Jun 8;101(23):8658-63. Epub 2004 May 25. Gatbonton et al., PLoS Genet. 2006 Mar;2(3):e35. Epub 2006 Mar 17."
DDC1,YPL194W,S,"DNA damage checkpoint protein, part of a PCNA-like complex required for DNA damage response, required for pachytene checkpoint to inhibit cell cycle in response to unrepaired recombination intermediates; potential Cdc28p substrate","Longhese et al., Genetics. 2000 Aug;155(4):1577-91."
DEP1,YAL013W,S,Part of the Rpd3 histone deacetylase complex,"Askree et al., Proc Natl Acad Sci U S A. 2004 Jun 8;101(23):8658-63. Epub 2004 May 25."
DID2,YKR035W-A,S,vacuolar trafficking,"Dieckmann et al.,  MBio. 2016 Nov 8;7(6). pii: e01793-16. doi: 10.1128/mBio.01793-16."
DID4,YKL002W,S,vacuolar trafficking,"Dieckmann et al.,  MBio. 2016 Nov 8;7(6). pii: e01793-16. doi: 10.1128/mBio.01793-16."
DIG1,YPL049C,sl,MAP kinase transcriptional regulator,"Gatbonton et al., PLoS Genet. 2006 Mar;2(3):e35. Epub 2006 Mar 17."
DNA2,YHR164C,sl,DNA replication,Budd ME and Campbell JL (2013) Dna2 is involved in CA strand resection and nascent lagging strand completion at native yeast telomeres. J Biol Chem 288(41):29414-29 PMID:23963457
DOA4,YDR069C,S,Ubiquitin-specific protease,"Gatbonton et al., PLoS Genet. 2006 Mar;2(3):e35. Epub 2006 Mar 17. Dieckmann et al.,  MBio. 2016 Nov 8;7(6). pii: e01793-16. doi: 10.1128/mBio.01793-16."
DUN1,YDL101C,ss,DNA damage response,"Gatbonton et al., PLoS Genet. 2006 Mar;2(3):e35. Epub 2006 Mar 17."
EAP1,YKL204W,S,Translation regulation,"Askree et al., Proc Natl Acad Sci U S A. 2004 Jun 8;101(23):8658-63. Epub 2004 May 25."
EBS1,YDR206W,ss,EST1 homologue,"Gatbonton et al., PLoS Genet. 2006 Mar;2(3):e35. Epub 2006 Mar 17."
ELG1,YOR144C,L,RFC complex,"Askree et al., Proc Natl Acad Sci U S A. 2004 Jun 8;101(23):8658-63. Epub 2004 May 25. Gatbonton et al., PLoS Genet. 2006 Mar;2(3):e35. Epub 2006 Mar 17."
ELO1,YJL196C,ss,Fatty acid synthesis,"Puddu et al., Nature in press."
ELO3,YLR372w,Short,Fatty acid synthesis,"Ponnusamy et al, J Biol Chem. 2008 Oct 10;283(41):27514-24. doi: 10.1074/jbc.M802980200. Epub 2008 Aug 11."
ERG2,YMR202W,ss,ergosterol biosynthesis,"Gatbonton et al., PLoS Genet. 2006 Mar;2(3):e35. Epub 2006 Mar 17."
ESS1,YJR017c,S,Transcription,"Meng et al. The EMBO Journal (2009) 28, 1466–1489"
EST1,YLR233C,VS,telomerase component,"Askree et al., Proc Natl Acad Sci U S A. 2004 Jun 8;101(23):8658-63. Epub 2004 May 25. Gatbonton et al., PLoS Genet. 2006 Mar;2(3):e35. Epub 2006 Mar 17."
EST2,YLR318W,VS,telomerase component,"Askree et al., Proc Natl Acad Sci U S A. 2004 Jun 8;101(23):8658-63. Epub 2004 May 25. Gatbonton et al., PLoS Genet. 2006 Mar;2(3):e35. Epub 2006 Mar 17."
EST3,YIL009C-A,VS,telomerase component,"Askree et al., Proc Natl Acad Sci U S A. 2004 Jun 8;101(23):8658-63. Epub 2004 May 25. Gatbonton et al., PLoS Genet. 2006 Mar;2(3):e35. Epub 2006 Mar 17."
FAL1,YDR021W,DAmP Short,Nucleolar protein required for maturation of 18S rRNA.,"Ungar et al., Nucleic Acids Res. 2009 Jul;37(12):3840-9. doi: 10.1093/nar/gkp259. Epub 2009 Apr 22."
FCP1,YMR277W,DAmP Short,Essential for dephosphorylation of RNA polymerase II large subunit (Rpo21p).,"Ungar et al., Nucleic Acids Res. 2009 Jul;37(12):3840-9. doi: 10.1093/nar/gkp259. Epub 2009 Apr 22."
FMP26,YJR080C,sl,"Int./SAGA, reported mitochondrial protein","Askree et al., Proc Natl Acad Sci U S A. 2004 Jun 8;101(23):8658-63. Epub 2004 May 25."
FUB1,YCR076C,sl,Proteasome,"Puddu et al., Nature in press."
FYV6,YNL133C,sl,K1 killer toxin sensitive,"Gatbonton et al., PLoS Genet. 2006 Mar;2(3):e35. Epub 2006 Mar 17."
FZO1,YBR179C,Long,"Mitofusin, mitoch. fusion.","Shachar et al. , Mol Syst Biol. 2008;4:172. doi: 10.1038/msb.2008.13. Epub 2008 Mar 4."
GAL11,YOL051W,S,mediator complex component,"Gatbonton et al., PLoS Genet. 2006 Mar;2(3):e35. Epub 2006 Mar 17."
GAS1,YMR307W,S,"cell wall, gene silencing","Puddu et al., Nature in press."
GCD1,YOR260W,DAmP Long,"Gamma subunit of the translation initiation factor eIF2B, the guanine-nucleotide exchange factor for eIF2.","Ungar et al., Nucleic Acids Res. 2009 Jul;37(12):3840-9. doi: 10.1093/nar/gkp259. Epub 2009 Apr 22."
GDB1,YPR184W,L,glycogen degradation,"Puddu et al., Nature in press."
GLO4,YOR040W,sl,mitochondrial glyoxylase II,"Gatbonton et al., PLoS Genet. 2006 Mar;2(3):e35. Epub 2006 Mar 17."
GON7,YJL184W,S,KEOPS complex,"Gatbonton et al., PLoS Genet. 2006 Mar;2(3):e35. Epub 2006 Mar 17.  Liu et al., J Genet Genomics. 2018 May 20;45(5):247-257. doi: 10.1016/j.jgg.2018.03.004. Epub 2018 May 4."
GPB2,YAL056W,ss,Pseudohyphal growth,"Askree et al., Proc Natl Acad Sci U S A. 2004 Jun 8;101(23):8658-63. Epub 2004 May 25."
GPI8,YDR331W,DAmP Long,Subunit of the ER GPI transamidase complex.,"Ungar et al., Nucleic Acids Res. 2009 Jul;37(12):3840-9. doi: 10.1093/nar/gkp259. Epub 2009 Apr 22."
GTR1,YML121W,S,Phosphate transport,"Askree et al., Proc Natl Acad Sci U S A. 2004 Jun 8;101(23):8658-63. Epub 2004 May 25."
GTR2,YGR163W,ss,small GTPase,"Gatbonton et al., PLoS Genet. 2006 Mar;2(3):e35. Epub 2006 Mar 17."
GUP1,YGL084C,S,Glycerol uptake,"Askree et al., Proc Natl Acad Sci U S A. 2004 Jun 8;101(23):8658-63. Epub 2004 May 25."
GUP2,YPL189W,sl,Glycerol uptake,"Askree et al., Proc Natl Acad Sci U S A. 2004 Jun 8;101(23):8658-63. Epub 2004 May 25."
HCH1,YNL281W,ss,"Chaperone activator, Hsp90 suppressor","Askree et al., Proc Natl Acad Sci U S A. 2004 Jun 8;101(23):8658-63. Epub 2004 May 25."
HCM1,YCR065W,L,Transcription factor (forkhead2),"Askree et al., Proc Natl Acad Sci U S A. 2004 Jun 8;101(23):8658-63. Epub 2004 May 25."
HCR1,YLR192C,ss,pre-20S rRNA processing,"Gatbonton et al., PLoS Genet. 2006 Mar;2(3):e35. Epub 2006 Mar 17."
HDA2,YDR295C,S,Part of the HDA histone deacetylase complex,"Askree et al., Proc Natl Acad Sci U S A. 2004 Jun 8;101(23):8658-63. Epub 2004 May 25."
HEK2,YBL032W,sl,hnRNP-K like,Denisenko O and Bomsztyk K (2002) Yeast hnRNP K-like genes are involved in regulation of the telomeric position effect and telomere length. Mol Cell Biol 22(1):286-97
HEM4,YOR278W,DAmP Long,Heme biosynthetic pathway.,"Ungar et al., Nucleic Acids Res. 2009 Jul;37(12):3840-9. doi: 10.1093/nar/gkp259. Epub 2009 Apr 22."
HFI1,YPL254W,ss,POLII transcription,"Gatbonton et al., PLoS Genet. 2006 Mar;2(3):e35. Epub 2006 Mar 17."
HIT1,YJR055W,sl,RSC complex component,"Askree et al., Proc Natl Acad Sci U S A. 2004 Jun 8;101(23):8658-63. Epub 2004 May 25. Gatbonton et al., PLoS Genet. 2006 Mar;2(3):e35. Epub 2006 Mar 17."
HMO1,YDR174W,L,HMG-box protein,"Askree et al., Proc Natl Acad Sci U S A. 2004 Jun 8;101(23):8658-63. Epub 2004 May 25. Gatbonton et al., PLoS Genet. 2006 Mar;2(3):e35. Epub 2006 Mar 17."
HPR1,YDR138W,L,Tho and Paf1 complexes,"Askree et al., Proc Natl Acad Sci U S A. 2004 Jun 8;101(23):8658-63. Epub 2004 May 25."
HRR25,YPL204w,S,Caseine kinase; DNA repair?/Chromatin?,"Meng et al. The EMBO Journal (2009) 28, 1466–1479"
HRT1,YOL133W,DAmP Short,RING finger containing subunit of Skp1-Cullin-F-box ubiquitin protein ligases (SCF).,"Ungar et al., Nucleic Acids Res. 2009 Jul;37(12):3840-9. doi: 10.1093/nar/gkp259. Epub 2009 Apr 22."
HSC82,YMR186W,S,Heat shock protein,"Askree et al., Proc Natl Acad Sci U S A. 2004 Jun 8;101(23):8658-63. Epub 2004 May 25."
HSE1,YHL002W,S,Vesicular transport,"Dieckmann et al.,  MBio. 2016 Nov 8;7(6). pii: e01793-16. doi: 10.1128/mBio.01793-16."
HSP104,YLL026W,sl,Heat shock protein,"Askree et al., Proc Natl Acad Sci U S A. 2004 Jun 8;101(23):8658-63. Epub 2004 May 25."
HSP82,YPL240C,ss,Heat shock protein,"Grandin, N., and M. Charbonneau. 2001. Hsp90 levels affect telomere length in yeast. Mol. Genet. Genomics 265:126-134."
HST1,YOL068C,S,"SIR2 homolog, histone deacetylase complex","Askree et al., Proc Natl Acad Sci U S A. 2004 Jun 8;101(23):8658-63. Epub 2004 May 25."
HTL1,YCR020W-B,L,RSC complex interacting protein,"Askree et al., Proc Natl Acad Sci U S A. 2004 Jun 8;101(23):8658-63. Epub 2004 May 25. Gatbonton et al., PLoS Genet. 2006 Mar;2(3):e35. Epub 2006 Mar 17."
HYP2,YEL033W,VS,Unknown (failed cosegregation test),"Askree et al., Proc Natl Acad Sci U S A. 2004 Jun 8;101(23):8658-63. Epub 2004 May 25."
ILV5,YLR355C,DAmP Short,"Acetohydroxyacid reductoisomerase, mitochondrial protein.","Ungar et al., Nucleic Acids Res. 2009 Jul;37(12):3840-9. doi: 10.1093/nar/gkp259. Epub 2009 Apr 22."
IMG2,YCR071C,L,mitochondrial ribosomal protein,"Gatbonton et al., PLoS Genet. 2006 Mar;2(3):e35. Epub 2006 Mar 17."
INO80,YGL150C,S,Chromatin,"Meng et al. The EMBO Journal (2009) 28, 1466–1478"
IPK1,YDR315C,sl,inositol posphate kinase,"York SJ, et al. (2005) Inositol diphosphate signaling regulates telomere length. J Biol Chem 280(6):4264-9 PMID:15561716"
IPK2,YDR173C,sl,inositol posphate kinase,"York SJ, et al. (2005) Inositol diphosphate signaling regulates telomere length. J Biol Chem 280(6):4264-9 PMID:15561716"
ISA1,YLL027W,S,Mitochondrial Fe/S protein maturation,"Askree et al., Proc Natl Acad Sci U S A. 2004 Jun 8;101(23):8658-63. Epub 2004 May 25."
KAE1,YKR038C,S,KEOPS complex,"Liu et al., J Genet Genomics. 2018 May 20;45(5):247-257. doi: 10.1016/j.jgg.2018.03.004. Epub 2018 May 4. Shachar et al. , Mol Syst Biol. 2008;4:172. doi: 10.1038/msb.2008.13. Epub 2008 Mar 4.  "
KAP120,YPL125W,sL,Karyopherin,"Puddu et al., Nature in press."
KCS1,YDR017c,sl,Inositol hexakisphosphate and inositol heptakisphosphate kinase,"Ponnusamy et al, J Biol Chem. 2008 Oct 10;283(41):27514-24. doi: 10.1074/jbc.M802980200. Epub 2008 Aug 11. York SJ, et al. (2005) Inositol diphosphate signaling regulates telomere length. J Biol Chem 280(6):4264-9 PMID:15561716"
KEM1,YGL173C,S,RNA degradation,"Askree et al., Proc Natl Acad Sci U S A. 2004 Jun 8;101(23):8658-63. Epub 2004 May 25. Gatbonton et al., PLoS Genet. 2006 Mar;2(3):e35. Epub 2006 Mar 17."
KKQ8,YKL170W,S,Mitochondrial ribosomal protein,"Askree et al., Proc Natl Acad Sci U S A. 2004 Jun 8;101(23):8658-63. Epub 2004 May 25."
KRE33,YNL132W,S,Protein required for biogenesis of the small ribosomal subunit,"Shachar et al. , Mol Syst Biol. 2008;4:172. doi: 10.1038/msb.2008.13. Epub 2008 Mar 4.  "
KRE6,YPR159W,ss,Beta glucan synthase,"Puddu et al., Nature in press."
KRS1,YDR037W,DAmP Short,Lysyl-tRNA synthetase.,"Ungar et al., Nucleic Acids Res. 2009 Jul;37(12):3840-9. doi: 10.1093/nar/gkp259. Epub 2009 Apr 22."
LCD1,YDR499W,S,DNA damage checkpoint  ,"Longhese et al., Genetics. 2000 Aug;155(4):1577-91"
LDB19,YOR322C,S,Clathrin-coated vesicles,"Askree et al., Proc Natl Acad Sci U S A. 2004 Jun 8;101(23):8658-63. Epub 2004 May 25."
LDB7,YBL006C,L,maturation of N-linked oligosaccharides,"Askree et al., Proc Natl Acad Sci U S A. 2004 Jun 8;101(23):8658-63. Epub 2004 May 25. Gatbonton et al., PLoS Genet. 2006 Mar;2(3):e35. Epub 2006 Mar 17."
LEA1,YPL213W,L,RNA splicing,"Askree et al., Proc Natl Acad Sci U S A. 2004 Jun 8;101(23):8658-63. Epub 2004 May 25. Gatbonton et al., PLoS Genet. 2006 Mar;2(3):e35. Epub 2006 Mar 17."
LEO1,YOR123C,ss,PAF1 complex,"Gatbonton et al., PLoS Genet. 2006 Mar;2(3):e35. Epub 2006 Mar 17."
LOS1,YKL205W,sL,"Nuclear pore, tRNA processing","Puddu et al., Nature in press."
LRP1,YHR081W,S,"C1D ortholog, double-strand break repair","Askree et al., Proc Natl Acad Sci U S A. 2004 Jun 8;101(23):8658-63. Epub 2004 May 25."
LSG1,YGL099w,S,ribosome biogenesis,"Meng et al. The EMBO Journal (2009) 28, 1466–1486"
LSM7,YNL147W,sl,mRNA deccay complex with Kem1p,"Gatbonton et al., PLoS Genet. 2006 Mar;2(3):e35. Epub 2006 Mar 17."
LSM8,YJR022W,DAmP Long,"RNA degradation, tRNA/rRNA modification and splicing.","Ungar et al., Nucleic Acids Res. 2009 Jul;37(12):3840-9. doi: 10.1093/nar/gkp259. Epub 2009 Apr 22."
LSP1,YPL004C,sL,Eisosome,"Puddu et al., Nature in press."
LST7,YGR057C,S,Golgi-to-surface traffic protein,"Askree et al., Proc Natl Acad Sci U S A. 2004 Jun 8;101(23):8658-63. Epub 2004 May 25."
MAK10,YEL053C,L,N-terminal acetyltransferase complex,"Askree et al., Proc Natl Acad Sci U S A. 2004 Jun 8;101(23):8658-63. Epub 2004 May 25. Gatbonton et al., PLoS Genet. 2006 Mar;2(3):e35. Epub 2006 Mar 17."
MAK21,YDR060W,S,ribosome biogenesis,"Shachar et al. , Mol Syst Biol. 2008;4:172. doi: 10.1038/msb.2008.13. Epub 2008 Mar 4."
MAK3,YPR049C,S,Vacuolar trafficking,"Askree et al., Proc Natl Acad Sci U S A. 2004 Jun 8;101(23):8658-63. Epub 2004 May 25."
MAK3,YPR051W,L,N-terminal acetyltransferase complex,"Askree et al., Proc Natl Acad Sci U S A. 2004 Jun 8;101(23):8658-63. Epub 2004 May 25. Gatbonton et al., PLoS Genet. 2006 Mar;2(3):e35. Epub 2006 Mar 17."
MAK31,YCR020C-A,L,N-terminal acetyltransferase complex,"Askree et al., Proc Natl Acad Sci U S A. 2004 Jun 8;101(23):8658-63. Epub 2004 May 25. Gatbonton et al., PLoS Genet. 2006 Mar;2(3):e35. Epub 2006 Mar 17."
MCD4,YKL165C,DAmP Long,ER protein involved in GPI anchor synthesis.,"Ungar et al., Nucleic Acids Res. 2009 Jul;37(12):3840-9. doi: 10.1093/nar/gkp259. Epub 2009 Apr 22."
MCM3,YEL032W,DAmP Long,Replicative helicase.,"Ungar et al., Nucleic Acids Res. 2009 Jul;37(12):3840-9. doi: 10.1093/nar/gkp259. Epub 2009 Apr 22."
MCM6,YGL201C,DAmP Long,Replicative helicase.,"Ungar et al., Nucleic Acids Res. 2009 Jul;37(12):3840-9. doi: 10.1093/nar/gkp259. Epub 2009 Apr 22."
MDM10,YAL010C,sl,mitochondrial membrane protein,"Gatbonton et al., PLoS Genet. 2006 Mar;2(3):e35. Epub 2006 Mar 17."
MDN1,YLR106C,DAmP Short,"Midasin, remodeling and export of 60S ribosomal subunits.","Ungar et al., Nucleic Acids Res. 2009 Jul;37(12):3840-9. doi: 10.1093/nar/gkp259. Epub 2009 Apr 22."
MDY2,YOL111C,sL,ER protein,"Puddu et al., Nature in press."
MEC1,YBR136W,short,Genome integrity checkpoint protein and PI kinase superfamily member; signal transducer required for cell cycle arrest and transcriptional responses prompted by damaged or unreplicated DNA; monitors and participates in meiotic recombination,"Longhese et al., Genetics. 2000 Aug;155(4):1577-91. Maicher et al. PLoS Genet. 2017 Oct 25;13(10):e1007082. doi: 10.1371/journal.pgen.1007082. eCollection 2017 Oct."
MEC3,YLR288C,sl,DNA damage Response,"Corda Y, et al. (1999) Interaction between Set1p and checkpoint protein Mec3p in DNA repair and telomere functions. Nat Genet 21(2):204-8 PMID:9988274"
MED1,YPR070W,sl,mediator complex component,"Gatbonton et al., PLoS Genet. 2006 Mar;2(3):e35. Epub 2006 Mar 17."
MED2,YDL005C,S,mediator,"Puddu et al., Nature in press."
MED6,YHR059W,ss,K1 killer toxin sensitive,"Gatbonton et al., PLoS Genet. 2006 Mar;2(3):e35. Epub 2006 Mar 17."
MET18,YIL128W,L,PolII transcription (TFIIH) and repair,"Askree et al., Proc Natl Acad Sci U S A. 2004 Jun 8;101(23):8658-63. Epub 2004 May 25."
MET7,YOR241W,S,folylpolyglutamate synthase,"Askree et al., Proc Natl Acad Sci U S A. 2004 Jun 8;101(23):8658-63. Epub 2004 May 25. Gatbonton et al., PLoS Genet. 2006 Mar;2(3):e35. Epub 2006 Mar 17."
MFT1,YML062C,ss,Tho and Paf1 complexes,"Askree et al., Proc Natl Acad Sci U S A. 2004 Jun 8;101(23):8658-63. Epub 2004 May 25."
MLH1,YMR167W,sl,Mismatch DNA repair,"Askree et al., Proc Natl Acad Sci U S A. 2004 Jun 8;101(23):8658-63. Epub 2004 May 25."
MMF1,YIL051c,S,Mitochondrial inheritance,"Meng et al. The EMBO Journal (2009) 28, 1466–1483"
MMM1,YLL006W,S,Mitochondrial organization,"Askree et al., Proc Natl Acad Sci U S A. 2004 Jun 8;101(23):8658-63. Epub 2004 May 25."
MOT2,YER068W,S,CCR4-NOT transcription complex,"Gatbonton et al., PLoS Genet. 2006 Mar;2(3):e35. Epub 2006 Mar 17."
MOT3,YMR070W,ss,POLII transcription,"Askree et al., Proc Natl Acad Sci U S A. 2004 Jun 8;101(23):8658-63. Epub 2004 May 25. Gatbonton et al., PLoS Genet. 2006 Mar;2(3):e35. Epub 2006 Mar 17."
MRC1,YCL061C,ss,DNA damage response,"Gatbonton et al., PLoS Genet. 2006 Mar;2(3):e35. Epub 2006 Mar 17."
MRE11,YMR224C,VS,"DNA repair, MRX complex","Askree et al., Proc Natl Acad Sci U S A. 2004 Jun 8;101(23):8658-63. Epub 2004 May 25."
MRM2,YGL136C,sl,mitochondrial rRNA methyl transferase,"Gatbonton et al., PLoS Genet. 2006 Mar;2(3):e35. Epub 2006 Mar 17."
MRPL3,YMR024W,S,mitochondrial ribosomal protein,"Shachar et al. , Mol Syst Biol. 2008;4:172. doi: 10.1038/msb.2008.13. Epub 2008 Mar 4."
MRPL44,YMR225C,ss,mitochondrial ribosomal protein,"Askree et al., Proc Natl Acad Sci U S A. 2004 Jun 8;101(23):8658-63. Epub 2004 May 25. Gatbonton et al., PLoS Genet. 2006 Mar;2(3):e35. Epub 2006 Mar 17."
MRPL8,YJL063C,ss,"mit. ribosomal prot. (neighbor of DSL1, chrom. remodel.)","Puddu et al., Nature in press."
MRPS18,YNL306w,S,mitochondrial ribosomal protein,"Meng et al. The EMBO Journal (2009) 28, 1466–1488"
MRT4,YKL009W,S,Ribosomal large subunit biogenesis,"Askree et al., Proc Natl Acad Sci U S A. 2004 Jun 8;101(23):8658-63. Epub 2004 May 25."
MTR10,YOR160w,S,nuclear import,"Meng et al. The EMBO Journal (2009) 28, 1466–1492"
MTR3,YGR158C,DAmP Short,"3'5' exoribonuclease, exosome subunit; nucleolar protein involved in export of mRNA.","Ungar et al., Nucleic Acids Res. 2009 Jul;37(12):3840-9. doi: 10.1093/nar/gkp259. Epub 2009 Apr 22."
MVB12,YGR206W,S,Vesicular transport,"Dieckmann et al.,  MBio. 2016 Nov 8;7(6). pii: e01793-16. doi: 10.1128/mBio.01793-16."
NAM7,YMR080C,VS,nonsense mediated decay,"Askree et al., Proc Natl Acad Sci U S A. 2004 Jun 8;101(23):8658-63. Epub 2004 May 25. Gatbonton et al., PLoS Genet. 2006 Mar;2(3):e35. Epub 2006 Mar 17."
NAM9,YNL137C,DAmP Short,Mitochondrial ribosomal component of the small subunit,"Ungar et al., Nucleic Acids Res. 2009 Jul;37(12):3840-9. doi: 10.1093/nar/gkp259. Epub 2009 Apr 22."
NAT3,YPR131C,L,N-terminal acetyltransferase complex,"Gatbonton et al., PLoS Genet. 2006 Mar;2(3):e35. Epub 2006 Mar 17."
NCB2,YDR396W,DAmP Short,overlaps NCB2:Subunit of the NC2 transcription regulator complex (with Bur6p).,"Ungar et al., Nucleic Acids Res. 2009 Jul;37(12):3840-9. doi: 10.1093/nar/gkp259. Epub 2009 Apr 22."
NCP1,YHR042W,DAmP Long,"NADP-cytochrome P450 reductase, ergosterol synthesis.","Ungar et al., Nucleic Acids Res. 2009 Jul;37(12):3840-9. doi: 10.1093/nar/gkp259. Epub 2009 Apr 22."
NET1,YJL076W,DAmP Short,Core subunit of the RENT complex (nucleolar).,"Ungar et al., Nucleic Acids Res. 2009 Jul;37(12):3840-9. doi: 10.1093/nar/gkp259. Epub 2009 Apr 22."
NFI1,YOR156C,sl,"SUMO ligase, chromatin protein","Askree et al., Proc Natl Acad Sci U S A. 2004 Jun 8;101(23):8658-63. Epub 2004 May 25."
NHP2,YDL208W,DAmP Long,Nuclear protein related to mammalian high-mobility group (HMG) proteins.,"Ungar et al., Nucleic Acids Res. 2009 Jul;37(12):3840-9. doi: 10.1093/nar/gkp259. Epub 2009 Apr 22."
NMA2,YGR010W,ss,NAD synthesis,"Puddu et al., Nature in press."
NMD2,YHR077C,S,nonsense mediated deccay,"Askree et al., Proc Natl Acad Sci U S A. 2004 Jun 8;101(23):8658-63. Epub 2004 May 25. Gatbonton et al., PLoS Genet. 2006 Mar;2(3):e35. Epub 2006 Mar 17."
NOC4,YPR144C,DAmP Short,"Nucleolar protein, forms a complex with Nop14p.","Ungar et al., Nucleic Acids Res. 2009 Jul;37(12):3840-9. doi: 10.1093/nar/gkp259. Epub 2009 Apr 22."
NPL6,YMR091C,sl,import of proteins into nucleus,"Askree et al., Proc Natl Acad Sci U S A. 2004 Jun 8;101(23):8658-63. Epub 2004 May 25. Gatbonton et al., PLoS Genet. 2006 Mar;2(3):e35. Epub 2006 Mar 17."
NPP1,YCR026C,L,unknown,"Gatbonton et al., PLoS Genet. 2006 Mar;2(3):e35. Epub 2006 Mar 17."
NPR3,YHL023C,sL,Tor Complex 1 regulation,"Puddu et al., Nature in press."
NRP1,YDL167C,sl,RNA binding protein,"Gatbonton et al., PLoS Genet. 2006 Mar;2(3):e35. Epub 2006 Mar 17."
NSR1,YGR160W,sl,K1 killer toxin sensitive,"Gatbonton et al., PLoS Genet. 2006 Mar;2(3):e35. Epub 2006 Mar 17."
NSR1,YGR159C,L,ribosome biogenesis,"Gatbonton et al., PLoS Genet. 2006 Mar;2(3):e35. Epub 2006 Mar 17."
NTR2,YKR022C,DAmP Short,"Involved in spliceosome disassembly, forms a complex with Prp43.","Ungar et al., Nucleic Acids Res. 2009 Jul;37(12):3840-9. doi: 10.1093/nar/gkp259. Epub 2009 Apr 22."
NUP60,YAR002W,ss,"Silencing, part of the nuclear pore","Askree et al., Proc Natl Acad Sci U S A. 2004 Jun 8;101(23):8658-63. Epub 2004 May 25."
NUT1,YGL151W,sl,"Transcription, mediator complex","Askree et al., Proc Natl Acad Sci U S A. 2004 Jun 8;101(23):8658-63. Epub 2004 May 25."
OGG1,YML060W,L,"Base excision repair, shares PIF1 promoter","Askree et al., Proc Natl Acad Sci U S A. 2004 Jun 8;101(23):8658-63. Epub 2004 May 25."
OPI1,YHL020C,S,Interacts with Sin3,"Askree et al., Proc Natl Acad Sci U S A. 2004 Jun 8;101(23):8658-63. Epub 2004 May 25."
OPI9,YLR338W,sl,K1 killer toxin resistant,"Askree et al., Proc Natl Acad Sci U S A. 2004 Jun 8;101(23):8658-63. Epub 2004 May 25."
ORC5,YNL261W,DAmP Short,Subunit of the origin recognition complex.,"Gatbonton et al., PLoS Genet. 2006 Mar;2(3):e35. Epub 2006 Mar 17."
PAF1,YBR279W,S,PAF1 complex,"Gatbonton et al., PLoS Genet. 2006 Mar;2(3):e35. Epub 2006 Mar 17."
PBP2,YBR233W,Long,hnRNP-K like,Denisenko O and Bomsztyk K (2002) Yeast hnRNP K-like genes are involved in regulation of the telomeric position effect and telomere length. Mol Cell Biol 22(1):286-97
PCC1,YKR095W-A,ss,KEOPS complex,"Liu et al., J Genet Genomics. 2018 May 20;45(5):247-257. doi: 10.1016/j.jgg.2018.03.004. Epub 2018 May 4."
PCL6,YER059W,S,Pho85 cyclin,"Shachar et al. , Mol Syst Biol. 2008;4:172. doi: 10.1038/msb.2008.13. Epub 2008 Mar 4."
PCP1,YGR101W,ss,Mitochondrial protease,"Askree et al., Proc Natl Acad Sci U S A. 2004 Jun 8;101(23):8658-63. Epub 2004 May 25."
PDS5,YMR076c,S,sister chromatid cohesion,"Meng et al. The EMBO Journal (2009) 28, 1466–1480"
PDX3,YBR035C,S,Pyridoxine phosphate oxidase,"Askree et al., Proc Natl Acad Sci U S A. 2004 Jun 8;101(23):8658-63. Epub 2004 May 25."
PEP3,YLR148W,S,Vacuolar sorting protein,"Askree et al., Proc Natl Acad Sci U S A. 2004 Jun 8;101(23):8658-63. Epub 2004 May 25."
PFD1,YJL179W,sl,protein chaperone,"Gatbonton et al., PLoS Genet. 2006 Mar;2(3):e35. Epub 2006 Mar 17."
PGD1,YGL025C,ss,mediator complex component,"Gatbonton et al., PLoS Genet. 2006 Mar;2(3):e35. Epub 2006 Mar 17."
PGS1,YCL004w,S,phospholipid biosynthesis,"Meng et al. The EMBO Journal (2009) 28, 1466–1495"
PHO80,YOL001W,S,Phosphate metabolism,"Askree et al., Proc Natl Acad Sci U S A. 2004 Jun 8;101(23):8658-63. Epub 2004 May 25."
PHO85,YPL031C,S,Phosphate metabolism,"Askree et al., Proc Natl Acad Sci U S A. 2004 Jun 8;101(23):8658-63. Epub 2004 May 25."
PHO87,YCR037C,L,Phosphate uptake,"Askree et al., Proc Natl Acad Sci U S A. 2004 Jun 8;101(23):8658-63. Epub 2004 May 25."
PHO88,YBR106W,ss,phosphate transport,"Gatbonton et al., PLoS Genet. 2006 Mar;2(3):e35. Epub 2006 Mar 17."
PIF1,YML061C,VL,DNA helicase,"Askree et al., Proc Natl Acad Sci U S A. 2004 Jun 8;101(23):8658-63. Epub 2004 May 25. Gatbonton et al., PLoS Genet. 2006 Mar;2(3):e35. Epub 2006 Mar 17."
PIR1,YKL164C,L,cell wall,"Shachar et al. , Mol Syst Biol. 2008;4:172. doi: 10.1038/msb.2008.13. Epub 2008 Mar 4."
PLC1,YPL268w,L,"Phospholipase, signalling","York SJ, et al. (2005) Inositol diphosphate signaling regulates telomere length. J Biol Chem 280(6):4264-9 PMID:15561716"
PMR1©,YGL168W,S,DNA replication; Int./Mec3,"Askree et al., Proc Natl Acad Sci U S A. 2004 Jun 8;101(23):8658-63. Epub 2004 May 25."
PMT3,YOR321W,ss,"Protein-O-mannosyl-transferase, ER","Askree et al., Proc Natl Acad Sci U S A. 2004 Jun 8;101(23):8658-63. Epub 2004 May 25."
POL1,YNL102W,L,"DNA replication, Pol alpha","Grossi S, et al. (2004) Pol12, the B subunit of DNA polymerase alpha, functions in both telomere capping and length regulation. Genes Dev 18(9):992-1006 .Toussaints et al., Nucleic Acids Res. 2005 Jan 28;33(2):704-13. Print 2005. "
POL12,YBL035C,L,"DNA replication, Pol alpha subunit","Grossi S, et al. (2004) Pol12, the B subunit of DNA polymerase alpha, functions in both telomere capping and length regulation. Genes Dev 18(9):992-1006 "
POL2,YNL262W,L,"DNA replication, pol Epsilon","Ohya T, et al. (2002) The DNA polymerase domain of pol(epsilon) is required for rapid, efficient, and highly accurate chromosomal DNA replication, telomere length maintenance, and normal cell senescence in Saccharomyces cerevisiae. J Biol Chem 277(31):28099-108 PMID:12015307"
POL3,YDL102w,L,"DNA replication, Pol Delta","Ohya T, et al. (2002) The DNA polymerase domain of pol(epsilon) is required for rapid, efficient, and highly accurate chromosomal DNA replication, telomere length maintenance, and normal cell senescence in Saccharomyces cerevisiae. J Biol Chem 277(31):28099-108 PMID:12015307"
POL32,YJR043C,sl,"DNA replication, Polymerase delta subunit","Askree et al., Proc Natl Acad Sci U S A. 2004 Jun 8;101(23):8658-63. Epub 2004 May 25. Gatbonton et al., PLoS Genet. 2006 Mar;2(3):e35. Epub 2006 Mar 17."
POP7,YBR167C,DAmP Short,"Subunit of both RNase MRP (pre-rRNA processing), and RNase P (tRNA processing).","Ungar et al., Nucleic Acids Res. 2009 Jul;37(12):3840-9. doi: 10.1093/nar/gkp259. Epub 2009 Apr 22."
PPE1,YHR075C,L,"Protein modification, Int./PP2A","Askree et al., Proc Natl Acad Sci U S A. 2004 Jun 8;101(23):8658-63. Epub 2004 May 25."
PPQ1,YPL179W,sl,"Phosphatase, neighbor of TCO89","Puddu et al., Nature in press."
PRE2,YPR103W,DAmP Short,Beta 5 subunit of the 20S proteasome.,"Ungar et al., Nucleic Acids Res. 2009 Jul;37(12):3840-9. doi: 10.1093/nar/gkp259. Epub 2009 Apr 22."
PRE5,YMR314W,DAmP Short,Alpha 6 subunit of the 20S proteasome.,"Ungar et al., Nucleic Acids Res. 2009 Jul;37(12):3840-9. doi: 10.1093/nar/gkp259. Epub 2009 Apr 22."
PRE7,YBL041W,S,Beta 6 subunit of the 20S proteasome.,"Shachar et al. , Mol Syst Biol. 2008;4:172. doi: 10.1038/msb.2008.13. Epub 2008 Mar 4."
PRI1,YIR008C,DAmP Long,Subunit of DNA primase.,"Ungar et al., Nucleic Acids Res. 2009 Jul;37(12):3840-9. doi: 10.1093/nar/gkp259. Epub 2009 Apr 22."
PRO1,YDR300C,ss,proline biosynthesis,"Gatbonton et al., PLoS Genet. 2006 Mar;2(3):e35. Epub 2006 Mar 17."
PRP22,YER013W,DAmP Short,RNA helicase of the DEAH-box family/ATP-dependent RNA helicase.,"Ungar et al., Nucleic Acids Res. 2009 Jul;37(12):3840-9. doi: 10.1093/nar/gkp259. Epub 2009 Apr 22."
PRP31,YGR091W,DAmP Short,"Splicing factor, component of the U4/U6-U5 snRNP complex.","Ungar et al., Nucleic Acids Res. 2009 Jul;37(12):3840-9. doi: 10.1093/nar/gkp259. Epub 2009 Apr 22."
PRP4,YPR178W,DAmP Short,"Splicing factor, component of the U4/U6-U5 snRNP complex.","Ungar et al., Nucleic Acids Res. 2009 Jul;37(12):3840-9. doi: 10.1093/nar/gkp259. Epub 2009 Apr 22."
PRP43,YGL120C,DAmP Short,RNA helicase of the DEAH-box family,"Ungar et al., Nucleic Acids Res. 2009 Jul;37(12):3840-9. doi: 10.1093/nar/gkp259. Epub 2009 Apr 22."
PRS3,YBL041W,VS,phosphoribosylpyrophosphate synthase,"Askree et al., Proc Natl Acad Sci U S A. 2004 Jun 8;101(23):8658-63. Epub 2004 May 25. Gatbonton et al., PLoS Genet. 2006 Mar;2(3):e35. Epub 2006 Mar 17."
PRS5,YOL061W,ss,phosphoribosylpyrophosphate synthase,"Gatbonton et al., PLoS Genet. 2006 Mar;2(3):e35. Epub 2006 Mar 17."
PSF3,YOL146W,DAmP Short," DNA replication, GINS.","Ungar et al., Nucleic Acids Res. 2009 Jul;37(12):3840-9. doi: 10.1093/nar/gkp259. Epub 2009 Apr 22."
PSY4,YBL046W,ss,phosphatase,"Gatbonton et al., PLoS Genet. 2006 Mar;2(3):e35. Epub 2006 Mar 17."
PTA1,YAL044C,S,cleavage and polyadenylation of mRNA and snoRNA ,"Askree et al., Proc Natl Acad Sci U S A. 2004 Jun 8;101(23):8658-63. Epub 2004 May 25."
PTC1,YDL006W,S,Mitochondrial inheritance,"Askree et al., Proc Natl Acad Sci U S A. 2004 Jun 8;101(23):8658-63. Epub 2004 May 25."
PUB1,YNL016W,L,Poly (A)+ RNA-binding protein,"Shachar et al. , Mol Syst Biol. 2008;4:172. doi: 10.1038/msb.2008.13. Epub 2008 Mar 4."
PXL1,YKR090W,sl,Polarized growth regulator,"Puddu et al., Nature in press."
PXR1,YGR280C,ss, rRNA and snoRNA maturation,"Guglielmi B and Werner M (2002) The yeast homolog of human PinX1 is involved in rRNA and small nucleolar RNA maturation, not in telomere elongation inhibition. J Biol Chem 277(38):35712-9 PMID:12107183"
QCR8,YJL166W,sl,mitoch. electron transport chain,"Puddu et al., Nature in press."
RAD17,YOR368W,S,"9-1-1 complex, DNA damage response","Longhese et al., Genetics. 2000 Aug;155(4):1577-91."
RAD27,YKL113C,VL,flap-endonuclease,"Gatbonton et al., PLoS Genet. 2006 Mar;2(3):e35. Epub 2006 Mar 17."
RAD27©,YKL114C,L,"DNA repair, apurinic endonuclease","Gatbonton et al., PLoS Genet. 2006 Mar;2(3):e35. Epub 2006 Mar 17."
RAD5,YLR032W,sl,"DNA repair, DNA helicase","Gatbonton et al., PLoS Genet. 2006 Mar;2(3):e35. Epub 2006 Mar 17."
RAD50,YNL250W,VS,"DNA repair (Rad50, Mre11, Xrs2 complex)","Askree et al., Proc Natl Acad Sci U S A. 2004 Jun 8;101(23):8658-63. Epub 2004 May 25. Gatbonton et al., PLoS Genet. 2006 Mar;2(3):e35. Epub 2006 Mar 17."
RAD53,YPL153C,ss,DNA damage Response,"Longhese et al., Genetics. 2000 Aug;155(4):1577-91."
RAD6,YGL058W,S,ubiquitin ligase (E2) for histone H2B,"Gatbonton et al., PLoS Genet. 2006 Mar;2(3):e35. Epub 2006 Mar 17."
RAP1,YNL216W,L,"DNA-binding protein involved in either activation or repression of transcription, depending on binding site context; also binds telomere sequences and plays a role in telomeric position effect (silencing) and telomere structure","Zakian VA (1996) Structure, function, and replication of Saccharomyces cerevisiae telomeres. Annu Rev Genet 30:141-72 PMID:8982452"
REB1,YBR049C,L,RNA polymerase I enhancer binding protein,"Berthiau AS, et al. (2006) Subtelomeric proteins negatively regulate telomere elongation in budding yeast. EMBO J 25(4):846-56 PMID:16467854"
REF2,YDR195W,sl,RNA processing,"Gatbonton et al., PLoS Genet. 2006 Mar;2(3):e35. Epub 2006 Mar 17."
RER2,YBR002c,S,vesicular transport,"Meng et al. The EMBO Journal (2009) 28, 1466–1490"
RFA1,YAR007C,S,"RPA, ssDNA binding protein","Shachar et al. , Mol Syst Biol. 2008;4:172. doi: 10.1038/msb.2008.13. Epub 2008 Mar 4."
RFA2,YNL312W,S,"RPA, ssDNA binding protein","Luciano P, et al. (2012) RPA facilitates telomerase activity at chromosome ends in budding and fission yeasts. EMBO J 31(8):2034-46 PMID:22354040"
RFA3,YJL173C,S,"RPA, ssDNA binding protein","Luciano P, et al. (2012) RPA facilitates telomerase activity at chromosome ends in budding and fission yeasts. EMBO J 31(8):2034-46 PMID:22354040"
RFC1,YOR218C,DAmP Long,"clamp loader, loads PCNA to initiate replication.","Ungar et al., Nucleic Acids Res. 2009 Jul;37(12):3840-9. doi: 10.1093/nar/gkp259. Epub 2009 Apr 22."
RFM1,YOR279C,S,SUM1/RFM1 repressor complex,"Askree et al., Proc Natl Acad Sci U S A. 2004 Jun 8;101(23):8658-63. Epub 2004 May 25. Gatbonton et al., PLoS Genet. 2006 Mar;2(3):e35. Epub 2006 Mar 17."
RGR1,YLR071C,DAmP Short,Subunit of the RNA polymerase II mediator complex,"Ungar et al., Nucleic Acids Res. 2009 Jul;37(12):3840-9. doi: 10.1093/nar/gkp259. Epub 2009 Apr 22."
RIB5,YBR256c,ss,riboflavin biosynthesis,"Meng et al. The EMBO Journal (2009) 28, 1466–1494"
RIF1,YBR275C,VL,telomere binding protein,"Askree et al., Proc Natl Acad Sci U S A. 2004 Jun 8;101(23):8658-63. Epub 2004 May 25. Gatbonton et al., PLoS Genet. 2006 Mar;2(3):e35. Epub 2006 Mar 17."
RIF2,YLR453C,VL,telomere binding protein,"Askree et al., Proc Natl Acad Sci U S A. 2004 Jun 8;101(23):8658-63. Epub 2004 May 25. Gatbonton et al., PLoS Genet. 2006 Mar;2(3):e35. Epub 2006 Mar 17."
RIM2,YBR192w,short,Mitochondrial inheritance,"Meng et al. The EMBO Journal (2009) 28, 1466–1482"
RNA14,YMR061W,DAmP Short,Cleavage and polyadenylation factor I (CF I) component.,"Ungar et al., Nucleic Acids Res. 2009 Jul;37(12):3840-9. doi: 10.1093/nar/gkp259. Epub 2009 Apr 22."
RNA15,YGL044C,DAmP Short,Cleavage and polyadenylation factor I (CF I) component,"Ungar et al., Nucleic Acids Res. 2009 Jul;37(12):3840-9. doi: 10.1093/nar/gkp259. Epub 2009 Apr 22."
RNH201,YNL072W,VS,"RNaseH, DNA replication; Int./Rif2","Askree et al., Proc Natl Acad Sci U S A. 2004 Jun 8;101(23):8658-63. Epub 2004 May 25."
RNR1,YER070W,VS,ribonucleotide reductase large subunit,"Gatbonton et al., PLoS Genet. 2006 Mar;2(3):e35. Epub 2006 Mar 17."
RNT1,YMR239C,L,Nuclear dsRNA-specific ribonuclease,"Larose S, et al. (2007) RNase III-dependent regulation of yeast telomerase. J Biol Chem 282(7):4373-81 PMID:17158880"
RPA14,YDR156W,sl,POLI transcription,"Gatbonton et al., PLoS Genet. 2006 Mar;2(3):e35. Epub 2006 Mar 17."
RPB4,YJL140W,ss,POLII transcription,"Askree et al., Proc Natl Acad Sci U S A. 2004 Jun 8;101(23):8658-63. Epub 2004 May 25. Gatbonton et al., PLoS Genet. 2006 Mar;2(3):e35. Epub 2006 Mar 17."
RPB5,YBR154C,DAmP Long,RNA polymerase subunit ABC27.,"Ungar et al., Nucleic Acids Res. 2009 Jul;37(12):3840-9. doi: 10.1093/nar/gkp259. Epub 2009 Apr 22."
RPB7,YDR404C,DAmP Short,RNA polymerase II subunit B16.,"Ungar et al., Nucleic Acids Res. 2009 Jul;37(12):3840-9. doi: 10.1093/nar/gkp259. Epub 2009 Apr 22."
RPB9,YGL070C,S,RNA polymerase II subunit,"Askree et al., Proc Natl Acad Sci U S A. 2004 Jun 8;101(23):8658-63. Epub 2004 May 25."
RPC10,YHR143W-A,S,Universal RNA polymerase subunit,"Shachar et al. , Mol Syst Biol. 2008;4:172. doi: 10.1038/msb.2008.13. Epub 2008 Mar 4."
RPL12B,YDR418W,S,Large ribosomal subunit,"Askree et al., Proc Natl Acad Sci U S A. 2004 Jun 8;101(23):8658-63. Epub 2004 May 25."
RPL13B,YMR142C,ss,ribosomal protein L13,"Askree et al., Proc Natl Acad Sci U S A. 2004 Jun 8;101(23):8658-63. Epub 2004 May 25. Gatbonton et al., PLoS Genet. 2006 Mar;2(3):e35. Epub 2006 Mar 17."
RPL1B,YGL135W,S,Large ribosomal subunit,"Askree et al., Proc Natl Acad Sci U S A. 2004 Jun 8;101(23):8658-63. Epub 2004 May 25."
RPL34B,YIL052C,S,ribosomal protein L34B,"Gatbonton et al., PLoS Genet. 2006 Mar;2(3):e35. Epub 2006 Mar 17."
RPN12,YFR052W,DAmP Short,Subunit of the 19S regulatory particle of the 26S proteasome lid.,"Ungar et al., Nucleic Acids Res. 2009 Jul;37(12):3840-9. doi: 10.1093/nar/gkp259. Epub 2009 Apr 22."
RPN4,YDL020C,S,Ubiquitin degradation pathway,"Askree et al., Proc Natl Acad Sci U S A. 2004 Jun 8;101(23):8658-63. Epub 2004 May 25."
RPN5,YDL147W,DAmP Short,Non-ATPase regulatory subunit of the 26S proteasome lid.,"Ungar et al., Nucleic Acids Res. 2009 Jul;37(12):3840-9. doi: 10.1093/nar/gkp259. Epub 2009 Apr 22."
RPN6,YDL097C,DAmP Short,Non-ATPase regulatory subunit of the 26S proteasome lid.,"Ungar et al., Nucleic Acids Res. 2009 Jul;37(12):3840-9. doi: 10.1093/nar/gkp259. Epub 2009 Apr 22."
RPN7,YPR108W,DAmP Short,Non-ATPase regulatory subunit of the 26S proteasome.,"Ungar et al., Nucleic Acids Res. 2009 Jul;37(12):3840-9. doi: 10.1093/nar/gkp259. Epub 2009 Apr 22."
RPP0,YLR339C,DAmP Long,Overlaps RPP0: conserved ribosomal protein P0.,"Ungar et al., Nucleic Acids Res. 2009 Jul;37(12):3840-9. doi: 10.1093/nar/gkp259. Epub 2009 Apr 22."
RPP1A,YDL081C,VS,Large ribosomal subunit,"Askree et al., Proc Natl Acad Sci U S A. 2004 Jun 8;101(23):8658-63. Epub 2004 May 25."
RPS10A,YOR293W,L,Small ribosomal subunit,"Askree et al., Proc Natl Acad Sci U S A. 2004 Jun 8;101(23):8658-63. Epub 2004 May 25."
RPS11B,YBR048W,sl,ribosomal protein S11B,"Gatbonton et al., PLoS Genet. 2006 Mar;2(3):e35. Epub 2006 Mar 17."
RPS14A,YCR031C,L,Small ribosomal subunit,"Askree et al., Proc Natl Acad Sci U S A. 2004 Jun 8;101(23):8658-63. Epub 2004 May 25."
RPS16A,YMR143W,sl,ribosomal protein S16A,"Askree et al., Proc Natl Acad Sci U S A. 2004 Jun 8;101(23):8658-63. Epub 2004 May 25. Gatbonton et al., PLoS Genet. 2006 Mar;2(3):e35. Epub 2006 Mar 17."
RPS16B,YDL083C,sl,ribosomal protein S16B,"Gatbonton et al., PLoS Genet. 2006 Mar;2(3):e35. Epub 2006 Mar 17."
RPS17A,YML024W,VL,Small ribosomal subunit,"Askree et al., Proc Natl Acad Sci U S A. 2004 Jun 8;101(23):8658-63. Epub 2004 May 25."
RPS17B,YDR447C,sl,ribosomal protein S17B,"Gatbonton et al., PLoS Genet. 2006 Mar;2(3):e35. Epub 2006 Mar 17."
RPS18A,YDR450W,sl,ribosomal protein S18A,"Gatbonton et al., PLoS Genet. 2006 Mar;2(3):e35. Epub 2006 Mar 17."
RPS19A,YOL121C,sl,ribosomal protein S19A,"Gatbonton et al., PLoS Genet. 2006 Mar;2(3):e35. Epub 2006 Mar 17."
RPS21A,YKR057W,sl,ribosomal protein S21A,"Gatbonton et al., PLoS Genet. 2006 Mar;2(3):e35. Epub 2006 Mar 17."
RPS22A,YJL190C,sl,ribosomal protein S22A,"Gatbonton et al., PLoS Genet. 2006 Mar;2(3):e35. Epub 2006 Mar 17."
RPS23A,YGR118W,sl,ribosomal protein S23A,"Gatbonton et al., PLoS Genet. 2006 Mar;2(3):e35. Epub 2006 Mar 17."
RPS23B,YPR132W,L,ribosomal protein S23,"Gatbonton et al., PLoS Genet. 2006 Mar;2(3):e35. Epub 2006 Mar 17."
RPS27B,YHR021C,sl,ribosomal protein S27B,"Gatbonton et al., PLoS Genet. 2006 Mar;2(3):e35. Epub 2006 Mar 17."
RPS28B,YLR264W,sl,ribosomal protein S28B,"Gatbonton et al., PLoS Genet. 2006 Mar;2(3):e35. Epub 2006 Mar 17."
RPS30B,YOR183W,sl,ribosomal protein S30B,"Askree et al., Proc Natl Acad Sci U S A. 2004 Jun 8;101(23):8658-63. Epub 2004 May 25."
RPS30B,YOR182C,sl,ribosomal protein S30B,"Gatbonton et al., PLoS Genet. 2006 Mar;2(3):e35. Epub 2006 Mar 17."
RPS31,YLR167W,DAmP Long,Ubiquitin.,"Ungar et al., Nucleic Acids Res. 2009 Jul;37(12):3840-9. doi: 10.1093/nar/gkp259. Epub 2009 Apr 22."
RPS4A,YJR145C,L,ribosomal protein S4A,"Gatbonton et al., PLoS Genet. 2006 Mar;2(3):e35. Epub 2006 Mar 17."
RPS4B,YHR203C,sl,Small ribosomal subunit,"Askree et al., Proc Natl Acad Sci U S A. 2004 Jun 8;101(23):8658-63. Epub 2004 May 25."
RPT3,YDR394W,DAmP Short,One of six ATPases of the 19S regulatory particle of the 26S proteasome.,"Ungar et al., Nucleic Acids Res. 2009 Jul;37(12):3840-9. doi: 10.1093/nar/gkp259. Epub 2009 Apr 22."
RPT5,YOR117W,DAmP Short,One of six ATPases of the 19S regulatory particle of the 26S proteasome.,"Ungar et al., Nucleic Acids Res. 2009 Jul;37(12):3840-9. doi: 10.1093/nar/gkp259. Epub 2009 Apr 22."
RRP17,YDR412w,VS,rRNA processing,"Meng et al. The EMBO Journal (2009) 28, 1466–1484"
RRT5,YFR032C,ss,unknown,"Puddu et al., Nature in press."
RSA1,YPL193W,VL,ribosomal large subunit assembly,"Gatbonton et al., PLoS Genet. 2006 Mar;2(3):e35. Epub 2006 Mar 17."
RSC1,YGR056W,L,"RSC complex, chromatin modelling","Puddu et al., Nature in press."
RSC2,YLR357W,S,"RSC complex, chromatin modelling","Askree et al., Proc Natl Acad Sci U S A. 2004 Jun 8;101(23):8658-63. Epub 2004 May 25. Galan et al. Curr Genet. 2018 Jun;64(3):635-644. doi: 10.1007/s00294-017-0778-4. Epub 2017 Nov 7. "
RSC4,YKR008W,DAmP Long,"RSC complex, chromatin modelling","Ungar et al., Nucleic Acids Res. 2009 Jul;37(12):3840-9. doi: 10.1093/nar/gkp259. Epub 2009 Apr 22."
RSC8,YFR037C,DAmP Long,"RSC complex, chromatin modelling","Ungar et al., Nucleic Acids Res. 2009 Jul;37(12):3840-9. doi: 10.1093/nar/gkp259. Epub 2009 Apr 22."
RSM10,YDR041w,S,translation,"Meng et al. The EMBO Journal (2009) 28, 1466–1487"
RTC1,YOL138C,ss,Tor Complex 1 regulation,"Puddu et al., Nature in press."
RTF1,YGL244W,ss,PAF1 complex,"Askree et al., Proc Natl Acad Sci U S A. 2004 Jun 8;101(23):8658-63. Epub 2004 May 25. Gatbonton et al., PLoS Genet. 2006 Mar;2(3):e35. Epub 2006 Mar 17."
sac3,YDR159W,S,TREX-2,Galan et al. Curr Genet. 2018 Jun;64(3):635-644. doi: 10.1007/s00294-017-0778-4. Epub 2017 Nov 7.
SAD1,YFR005C,DAmP Long,"Conserved zinc-finger domain protein involved in pre-mRNA splicing, required for assembly of U4 snRNA into the U4/U6 particle.","Ungar et al., Nucleic Acids Res. 2009 Jul;37(12):3840-9. doi: 10.1093/nar/gkp259. Epub 2009 Apr 22."
SAH1,YER043C,DAmP Short,S-adenosyl-L-homocysteine hydrolase.,"Ungar et al., Nucleic Acids Res. 2009 Jul;37(12):3840-9. doi: 10.1093/nar/gkp259. Epub 2009 Apr 22."
SAH1,YER043c,Short,methionine metabolism,"Meng et al. The EMBO Journal (2009) 28, 1466–1497"
SAM35,YHR083W,DAmP Short,"Mitochondrial outer membrane protein, member of the SAM complex.","Ungar et al., Nucleic Acids Res. 2009 Jul;37(12):3840-9. doi: 10.1093/nar/gkp259. Epub 2009 Apr 22."
SAP155,YFR041C,S,Phosphatase,"Askree et al., Proc Natl Acad Sci U S A. 2004 Jun 8;101(23):8658-63. Epub 2004 May 25."
SAP30,YMR263W,S,Part of Rpd3 histone deacetylase complex,"Askree et al., Proc Natl Acad Sci U S A. 2004 Jun 8;101(23):8658-63. Epub 2004 May 25."
SEC20,YDR498C,DAmP Long,"Membrane glycoprotein, v-SNARE (Golgi to ER).","Ungar et al., Nucleic Acids Res. 2009 Jul;37(12):3840-9. doi: 10.1093/nar/gkp259. Epub 2009 Apr 22."
SEC63,YOR254C,DAmP Long,Essential subunit of Sec63 complex (import to the ER).,"Ungar et al., Nucleic Acids Res. 2009 Jul;37(12):3840-9. doi: 10.1093/nar/gkp259. Epub 2009 Apr 22."
SEM1,YDR363W-A,ss,vesicular transport,"Gatbonton et al., PLoS Genet. 2006 Mar;2(3):e35. Epub 2006 Mar 17."
SEN54,YPL083C,DAmP Short,Subunit of the tRNA splicing endonuclease.,"Ungar et al., Nucleic Acids Res. 2009 Jul;37(12):3840-9. doi: 10.1093/nar/gkp259. Epub 2009 Apr 22."
SET1,YHR119W,S,"Histone methyltransferase, subunit of the COMPASS ","Corda Y, et al. (1999) Interaction between Set1p and checkpoint protein Mec3p in DNA repair and telomere functions. Nat Genet 21(2):204-8 PMID:9988274"
SFT1,YKL006C-A,S,vesicular transport,"Meng et al. The EMBO Journal (2009) 28, 1466–1491"
sgf11,YPL047W,S,"SAGA, de-ubiquitination of histone H2B",Galan et al. Curr Genet. 2018 Jun;64(3):635-644. doi: 10.1007/s00294-017-0778-4. Epub 2017 Nov 7.
sgf73,YGL066W,S,"SAGA, de-ubiquitination of histone H2B",Galan et al. Curr Genet. 2018 Jun;64(3):635-644. doi: 10.1007/s00294-017-0778-4. Epub 2017 Nov 7.
SHP1,YBL058W,ss,carbohydrate metabolism,"Gatbonton et al., PLoS Genet. 2006 Mar;2(3):e35. Epub 2006 Mar 17."
SIF2,YBR103W,S,Set3C histone deacetylase complex;,"Shachar et al. , Mol Syst Biol. 2008;4:172. doi: 10.1038/msb.2008.13. Epub 2008 Mar 4."
SIK1,YLR198C,DAmP Long,Overlaps NOP56: Nucleolar component of the box C/D snoRNP complexes that direct 2'-O-methylation of pre-rRNA during its maturation.,"Ungar et al., Nucleic Acids Res. 2009 Jul;37(12):3840-9. doi: 10.1093/nar/gkp259. Epub 2009 Apr 22."
SIN3,YOL004W,S,Part of Rpd3 histone deacetylase complex,"Askree et al., Proc Natl Acad Sci U S A. 2004 Jun 8;101(23):8658-63. Epub 2004 May 25."
SIR3,YLR442C,ss,"Silencing protein that interacts with Sir2p and Sir4p, and histone H3 and H4 tails, to establish a transcriptionally silent chromatin state; required for spreading of silenced chromatin; recruited to chromatin through interaction with Rap1p","Longhese et al., Genetics. 2000 Aug;155(4):1577-91."
SIR4,YDR227W,ss,telomere binding protein,"Gatbonton et al., PLoS Genet. 2006 Mar;2(3):e35. Epub 2006 Mar 17. Longhese et al., Genetics. 2000 Aug;155(4):1577-91."
SIT4,YDL047W,S,Phosphatase type 2A subunit,"Askree et al., Proc Natl Acad Sci U S A. 2004 Jun 8;101(23):8658-63. Epub 2004 May 25."
SIW14,YNL032W,ss,"phosphatase,  synthetic lethal with Whi2","Gatbonton et al., PLoS Genet. 2006 Mar;2(3):e35. Epub 2006 Mar 17."
SLA2,YNL243W,ss,vesicular transport,"Gatbonton et al., PLoS Genet. 2006 Mar;2(3):e35. Epub 2006 Mar 17."
SLI15,YBR156C,sl,mitotic spindle protein S.L. with ipl1,"Gatbonton et al., PLoS Genet. 2006 Mar;2(3):e35. Epub 2006 Mar 17."
SLM4,YBR077C,S,EGO/GSE complex: return to grow after rapamycin,"Puddu et al., Nature in press."
SLX8,YER116C,sl,STUbL: SUMO-dependent Ubiq ligase,"Gatbonton et al., PLoS Genet. 2006 Mar;2(3):e35. Epub 2006 Mar 17."
SMD1,YGR075C,DAmP Short,"Splicing factor, component of the U4/U6-U5 snRNP complex.","Ungar et al., Nucleic Acids Res. 2009 Jul;37(12):3840-9. doi: 10.1093/nar/gkp259. Epub 2009 Apr 22."
SMI1,YGR229C,S,"Cell wall synthesis, chromatin binding","Askree et al., Proc Natl Acad Sci U S A. 2004 Jun 8;101(23):8658-63. Epub 2004 May 25."
SMT3,YDR510W,DAmP Long,SUMO (small ubiquitin-like modifier).,"Ungar et al., Nucleic Acids Res. 2009 Jul;37(12):3840-9. doi: 10.1093/nar/gkp259. Epub 2009 Apr 22."
SNC2,YOR327C,ss,vesicular transport,"Gatbonton et al., PLoS Genet. 2006 Mar;2(3):e35. Epub 2006 Mar 17."
SNF7,YLR025W,S,"Vacuolar sorting protein, ESCRT III","Askree et al., Proc Natl Acad Sci U S A. 2004 Jun 8;101(23):8658-63. Epub 2004 May 25. Dieckmann et al.,  MBio. 2016 Nov 8;7(6). pii: e01793-16. doi: 10.1128/mBio.01793-16."
SNF8,YPL002C,ss,vesicular transport,"Askree et al., Proc Natl Acad Sci U S A. 2004 Jun 8;101(23):8658-63. Epub 2004 May 25. Gatbonton et al., PLoS Genet. 2006 Mar;2(3):e35. Epub 2006 Mar 17. Dieckmann et al.,  MBio. 2016 Nov 8;7(6). pii: e01793-16. doi: 10.1128/mBio.01793-16."
SOH1,YGL127C,S,Suppressor of hpr1 mutants (Tho and Paf1),"Askree et al., Proc Natl Acad Sci U S A. 2004 Jun 8;101(23):8658-63. Epub 2004 May 25."
SOL2,YCR073W-A,L,tRNA synthesis and function,"Gatbonton et al., PLoS Genet. 2006 Mar;2(3):e35. Epub 2006 Mar 17."
SPN1,YPR133C,DAmP Long,Protein that interacts with Spt6p and co-purifies with Spt5p and RNA polymerase II,"Ungar et al., Nucleic Acids Res. 2009 Jul;37(12):3840-9. doi: 10.1093/nar/gkp259. Epub 2009 Apr 22."
SPP382,YLR423C,L,spliceosome disassembly,"Gatbonton et al., PLoS Genet. 2006 Mar;2(3):e35. Epub 2006 Mar 17."
SPS100,YHR139C,ss,Spore wall assembly,"Askree et al., Proc Natl Acad Sci U S A. 2004 Jun 8;101(23):8658-63. Epub 2004 May 25."
SPT21,YMR179W,ss,regulator of histone gene transcription,"Askree et al., Proc Natl Acad Sci U S A. 2004 Jun 8;101(23):8658-63. Epub 2004 May 25. Gatbonton et al., PLoS Genet. 2006 Mar;2(3):e35. Epub 2006 Mar 17."
SRB2,YHR041C,ss,mediator complex component,"Askree et al., Proc Natl Acad Sci U S A. 2004 Jun 8;101(23):8658-63. Epub 2004 May 25. Gatbonton et al., PLoS Genet. 2006 Mar;2(3):e35. Epub 2006 Mar 17."
SRB5,YGR104C,ss,mediator complex component,"Askree et al., Proc Natl Acad Sci U S A. 2004 Jun 8;101(23):8658-63. Epub 2004 May 25. Gatbonton et al., PLoS Genet. 2006 Mar;2(3):e35. Epub 2006 Mar 17."
SRB8,YCR081W,VL,mediator complex component,"Gatbonton et al., PLoS Genet. 2006 Mar;2(3):e35. Epub 2006 Mar 17."
SRC1,YML034C-A,sl,Antisense to SRC1,"Askree et al., Proc Natl Acad Sci U S A. 2004 Jun 8;101(23):8658-63. Epub 2004 May 25."
SRP40,YKR092C,sL,Nucleolar serine-rich protein,"Puddu et al., Nature in press."
SSE1,YPL106C,S,"Antioxidative response, cochaperone","Askree et al., Proc Natl Acad Sci U S A. 2004 Jun 8;101(23):8658-63. Epub 2004 May 25."
SSH1,YBR283C,L,protein translocation into ER,"Gatbonton et al., PLoS Genet. 2006 Mar;2(3):e35. Epub 2006 Mar 17."
SSN2,YDR443C,L,mediator complex component,"Gatbonton et al., PLoS Genet. 2006 Mar;2(3):e35. Epub 2006 Mar 17."
SSN3,YPL042C,L,mediator complex component,"Gatbonton et al., PLoS Genet. 2006 Mar;2(3):e35. Epub 2006 Mar 17."
SSN8,YNL025C,L,"Transcription, mediator complex","Askree et al., Proc Natl Acad Sci U S A. 2004 Jun 8;101(23):8658-63. Epub 2004 May 25."
PGD1,YGL024W,ss,mediator complex component,"Gatbonton et al., PLoS Genet. 2006 Mar;2(3):e35. Epub 2006 Mar 17."
STN1,YDR083W,L,"pre-rRNA processing, methyltransferase","Askree et al., Proc Natl Acad Sci U S A. 2004 Jun 8;101(23):8658-63. Epub 2004 May 25. Gatbonton et al., PLoS Genet. 2006 Mar;2(3):e35. Epub 2006 Mar 17."
STN1,YDR082W,DAmP Long,Telomere end-binding and capping protein.,"Ungar et al., Nucleic Acids Res. 2009 Jul;37(12):3840-9. doi: 10.1093/nar/gkp259. Epub 2009 Apr 22."
STO1,YMR125W,L,mRNA cap binding protein,"Askree et al., Proc Natl Acad Sci U S A. 2004 Jun 8;101(23):8658-63. Epub 2004 May 25. Gatbonton et al., PLoS Genet. 2006 Mar;2(3):e35. Epub 2006 Mar 17."
STP22,YCL008C,ss,vesicular transport,"Askree et al., Proc Natl Acad Sci U S A. 2004 Jun 8;101(23):8658-63. Epub 2004 May 25. Gatbonton et al., PLoS Genet. 2006 Mar;2(3):e35. Epub 2006 Mar 17. Dieckmann et al.,  MBio. 2016 Nov 8;7(6). pii: e01793-16. doi: 10.1128/mBio.01793-16."
SUA5,YGL169w,Short,KEOPS complex,"Liu et al., J Genet Genomics. 2018 May 20;45(5):247-257. doi: 10.1016/j.jgg.2018.03.004. Epub 2018 May 4."
SUM1,YDR310C,S,SUM1/RFM1 repressor complex,"Askree et al., Proc Natl Acad Sci U S A. 2004 Jun 8;101(23):8658-63. Epub 2004 May 25. Gatbonton et al., PLoS Genet. 2006 Mar;2(3):e35. Epub 2006 Mar 17."
SUR4,YLR372W,S,"Fatty acid synthesis, transport","Askree et al., Proc Natl Acad Sci U S A. 2004 Jun 8;101(23):8658-63. Epub 2004 May 25."
SUS1,YBR111W-A,sL,SAGA-TREX-2 complexes: Transcription/RNA processing,Galan et al. Curr Genet. 2018 Jun;64(3):635-644. doi: 10.1007/s00294-017-0778-4. Epub 2017 Nov 7.
SWA2,YDR320C,ss,vesicular transport,"Gatbonton et al., PLoS Genet. 2006 Mar;2(3):e35. Epub 2006 Mar 17."
SWC4,YGR002c,VS,Chromatin,"Meng et al. The EMBO Journal (2009) 28, 1466–1481"
TAD3,YLR317W,DAmP Long,Overlaps TAD3: Subunit of tRNA-specific adenosine-34 deaminase.,"Ungar et al., Nucleic Acids Res. 2009 Jul;37(12):3840-9. doi: 10.1093/nar/gkp259. Epub 2009 Apr 22."
TAT2,YOL020W,sl,"Int./Pho23, synthetic lethality with pho85","Askree et al., Proc Natl Acad Sci U S A. 2004 Jun 8;101(23):8658-63. Epub 2004 May 25."
TBF1,YPL128C,DAmP Short,Binds to TTAGGG repeats within subtelomeric anti-silencing regions.,"Ungar et al., Nucleic Acids Res. 2009 Jul;37(12):3840-9. doi: 10.1093/nar/gkp259. Epub 2009 Apr 22."
TCO89,YPL180W,S,"Tor Complex 1, acetylation of histone H3K56, neighbor of PPQ1","Puddu et al., Nature in press."
TEL1,YBL088C,VS,"Kinase, telomeres and DNA damage response","Askree et al., Proc Natl Acad Sci U S A. 2004 Jun 8;101(23):8658-63. Epub 2004 May 25. Gatbonton et al., PLoS Genet. 2006 Mar;2(3):e35. Epub 2006 Mar 17."
TEL2,YGR099W,S,"ASTRA complex, regulator of Tel1",Rozario D and Siede W (2012) Saccharomyces cerevisiae Tel2 plays roles in TORC signaling and telomere maintenance that can be mutationally separated. Biochem Biophys Res Commun 417(4):1182-7 PMID:22227188
TEN1,YLR010C,L,Protein that regulates telomeric length; protects telomeric ends in a complex with Cdc13p and Stn1p,"Ungar et al., Nucleic Acids Res. 2009 Jul;37(12):3840-9. doi: 10.1093/nar/gkp259. Epub 2009 Apr 22."
TFP1,YDL185W,S,V-ATPase,"Shachar et al. , Mol Syst Biol. 2008;4:172. doi: 10.1038/msb.2008.13. Epub 2008 Mar 4."
TGS1,YPL157W,sL,"modifier of snRNAs, snoRNAs, and telomerase TLC1 RNA ","Franke J, et al. (2008) Hypermethylation of yeast telomerase RNA by the snRNA and snoRNA methyltransferase Tgs1. J Cell Sci 121(Pt 21):3553-60 PMID:18840651"
thp1,YOL072W,ss,TREX-2,Galan et al. Curr Genet. 2018 Jun;64(3):635-644. doi: 10.1007/s00294-017-0778-4. Epub 2017 Nov 7.
THP2,YHR167W,S,Tho and Paf1 complexes,"Askree et al., Proc Natl Acad Sci U S A. 2004 Jun 8;101(23):8658-63. Epub 2004 May 25."
TID3,YIL144W,DAmP Short,Component of the  kinetochore-associated Ndc80 complex.,"Ungar et al., Nucleic Acids Res. 2009 Jul;37(12):3840-9. doi: 10.1093/nar/gkp259. Epub 2009 Apr 22."
TIF1,YKR059W,sl,RNA helicase,"Gatbonton et al., PLoS Genet. 2006 Mar;2(3):e35. Epub 2006 Mar 17."
TIF2,YJL138C,Long,Translation initiation factor eIF4A,"Shachar et al. , Mol Syst Biol. 2008;4:172. doi: 10.1038/msb.2008.13. Epub 2008 Mar 4. Dieckmann et al.,  MBio. 2016 Nov 8;7(6). pii: e01793-16. doi: 10.1128/mBio.01793-16."
TLC1,SGD:S000006657,S,Telomerase RNA template,Singer MS and Gottschling DE (1994) TLC1: template RNA component of Saccharomyces cerevisiae telomerase. Science 266(5184):404-9 PMID: 7545955
TOM5,YPR133W-A,ss,Mitochondrial outer membrane transport,"Askree et al., Proc Natl Acad Sci U S A. 2004 Jun 8;101(23):8658-63. Epub 2004 May 25."
TOP3,YLR234W,S,Topoisomerase III,"Kim RA, et al. (1995) Effects of yeast DNA topoisomerase III on telomere structure. Proc Natl Acad Sci U S A 92(7):2667-71 PMID:7708702"
TPD3,YAL016W,S,Phosphatase type 2A subunit,"Askree et al., Proc Natl Acad Sci U S A. 2004 Jun 8;101(23):8658-63. Epub 2004 May 25."
TRK1,YJL129C,S,Potassium transporter,"Askree et al., Proc Natl Acad Sci U S A. 2004 Jun 8;101(23):8658-63. Epub 2004 May 25."
TRM5,YHR070w,S,rRNA processing,"Meng et al. The EMBO Journal (2009) 28, 1466–1485"
TRS20,YBR254C,DAmP Long,Component of the TRAPP complex (cis-Golgi).,"Ungar et al., Nucleic Acids Res. 2009 Jul;37(12):3840-9. doi: 10.1093/nar/gkp259. Epub 2009 Apr 22."
TRS23,YDR246W,DAmP Short,One of 10 subunits of the TRAPP complex (ER to Golgi traffic).,"Ungar et al., Nucleic Acids Res. 2009 Jul;37(12):3840-9. doi: 10.1093/nar/gkp259. Epub 2009 Apr 22."
TSR1,YDL060W,DAmP Short,Protein required for processing of 20S pre-rRNA.,"Ungar et al., Nucleic Acids Res. 2009 Jul;37(12):3840-9. doi: 10.1093/nar/gkp259. Epub 2009 Apr 22."
TTI1,YKL033W,ss,"AsTRA complex, regulator of Tel1",Rozario D and Siede W (2012) Saccharomyces cerevisiae Tel2 plays roles in TORC signaling and telomere maintenance that can be mutationally separated. Biochem Biophys Res Commun 417(4):1182-7 PMID:22227188
TUB2,YFL037W,DAmP Short,Beta-tubulin; associates with alpha-tubulin (Tub1p and Tub3p) to form tubulin dimmer.,"Ungar et al., Nucleic Acids Res. 2009 Jul;37(12):3840-9. doi: 10.1093/nar/gkp259. Epub 2009 Apr 22."
UAF30,YOR295W,sl,PolI transcription,"Puddu et al., Nature in press."
ubp8,YMR223W,S,"SAGA, de-ubiquitination of histone H2B",Galan et al. Curr Genet. 2018 Jun;64(3):635-644. doi: 10.1007/s00294-017-0778-4. Epub 2017 Nov 7.
UGO1,YDR470C,sl,Mitochondrial fusion,"Askree et al., Proc Natl Acad Sci U S A. 2004 Jun 8;101(23):8658-63. Epub 2004 May 25."
UPF3,YGR072W,S,nonsense mediated deccay,"Askree et al., Proc Natl Acad Sci U S A. 2004 Jun 8;101(23):8658-63. Epub 2004 May 25. Gatbonton et al., PLoS Genet. 2006 Mar;2(3):e35. Epub 2006 Mar 17."
URE2,YNL229C,S,Nitrogen catabolite repression regulator,"Askree et al., Proc Natl Acad Sci U S A. 2004 Jun 8;101(23):8658-63. Epub 2004 May 25."
VAM6,YDL077C,S,Vacuolar sorting protein,"Askree et al., Proc Natl Acad Sci U S A. 2004 Jun 8;101(23):8658-63. Epub 2004 May 25."
VAM7,YGL212W,ss,Vacuolar sorting protein,"Askree et al., Proc Natl Acad Sci U S A. 2004 Jun 8;101(23):8658-63. Epub 2004 May 25."
VHT1,YGR065c,short,biotin transport,"Meng et al. The EMBO Journal (2009) 28, 1466–1498"
VPS15,YBR097W,S,vesicular transport,"Askree et al., Proc Natl Acad Sci U S A. 2004 Jun 8;101(23):8658-63. Epub 2004 May 25. Gatbonton et al., PLoS Genet. 2006 Mar;2(3):e35. Epub 2006 Mar 17."
VPS20,YMR077C,S,vesicular transport,"Shachar et al. , Mol Syst Biol. 2008;4:172. doi: 10.1038/msb.2008.13. Epub 2008 Mar 4. Dieckmann et al.,  MBio. 2016 Nov 8;7(6). pii: e01793-16. doi: 10.1128/mBio.01793-16."
VPS21,YOR089C,Short,vesicular transport,"Shachar et al. , Mol Syst Biol. 2008;4:172. doi: 10.1038/msb.2008.13. Epub 2008 Mar 4."
VPS24,YKL041W,short,vesicular transport,"Dieckmann et al.,  MBio. 2016 Nov 8;7(6). pii: e01793-16. doi: 10.1128/mBio.01793-16."
VPS25,YJR102C,ss,"Vacuolar sorting protein, ESCRT-II","Askree et al., Proc Natl Acad Sci U S A. 2004 Jun 8;101(23):8658-63. Epub 2004 May 25. Dieckmann et al.,  MBio. 2016 Nov 8;7(6). pii: e01793-16. doi: 10.1128/mBio.01793-16."
VPS27,YNR006W,Short,Shachar( non-essential),"Shachar et al. , Mol Syst Biol. 2008;4:172. doi: 10.1038/msb.2008.13. Epub 2008 Mar 4. Dieckmann et al.,  MBio. 2016 Nov 8;7(6). pii: e01793-16. doi: 10.1128/mBio.01793-16."
VPS28,YPL065W,ss,vesicular transport,"Askree et al., Proc Natl Acad Sci U S A. 2004 Jun 8;101(23):8658-63. Epub 2004 May 25. Gatbonton et al., PLoS Genet. 2006 Mar;2(3):e35. Epub 2006 Mar 17. Dieckmann et al.,  MBio. 2016 Nov 8;7(6). pii: e01793-16. doi: 10.1128/mBio.01793-16."
VPS3,YDR495C,S,Vacuolar sorting protein,"Askree et al., Proc Natl Acad Sci U S A. 2004 Jun 8;101(23):8658-63. Epub 2004 May 25."
VPS34,YLR240W,S,vesicular transport,"Askree et al., Proc Natl Acad Sci U S A. 2004 Jun 8;101(23):8658-63. Epub 2004 May 25. Gatbonton et al., PLoS Genet. 2006 Mar;2(3):e35. Epub 2006 Mar 17."
VPS36,YLR417W,S,"Vacuolar sorting protein, ESCRT-II","Askree et al., Proc Natl Acad Sci U S A. 2004 Jun 8;101(23):8658-63. Epub 2004 May 25. Dieckmann et al.,  MBio. 2016 Nov 8;7(6). pii: e01793-16. doi: 10.1128/mBio.01793-16."
VPS4,YPR173C,S,vesicular transport,"Dieckmann et al.,  MBio. 2016 Nov 8;7(6). pii: e01793-16. doi: 10.1128/mBio.01793-16."
VPS41,YDR080W,S,vesicular transport,"Shachar et al. , Mol Syst Biol. 2008;4:172. doi: 10.1038/msb.2008.13. Epub 2008 Mar 4."
VPS51,YKR020w,S,vesicular transport,"Puddu et al., Nature in press."
VPS53,YJL029C,S,vesicular transport,"Shachar et al. , Mol Syst Biol. 2008;4:172. doi: 10.1038/msb.2008.13. Epub 2008 Mar 4."
VPS54,YDR027C,ss,vesicular transport,"Gatbonton et al., PLoS Genet. 2006 Mar;2(3):e35. Epub 2006 Mar 17."
VPS65,YLR322W,sl,vesicular transport,"Askree et al., Proc Natl Acad Sci U S A. 2004 Jun 8;101(23):8658-63. Epub 2004 May 25. Gatbonton et al., PLoS Genet. 2006 Mar;2(3):e35. Epub 2006 Mar 17."
VPS75,YNL246W,S,vesicular transport,"Askree et al., Proc Natl Acad Sci U S A. 2004 Jun 8;101(23):8658-63. Epub 2004 May 25."
VPS9,YML097C,S,vesicular transport,"Askree et al., Proc Natl Acad Sci U S A. 2004 Jun 8;101(23):8658-63. Epub 2004 May 25."
VRP1,YLR337C,L,proline-rich actin-associated protein,"Shachar et al. , Mol Syst Biol. 2008;4:172. doi: 10.1038/msb.2008.13. Epub 2008 Mar 4."
VTA1,YLR181C,S,vesicular transport,"Dieckmann et al.,  MBio. 2016 Nov 8;7(6). pii: e01793-16. doi: 10.1128/mBio.01793-16."
WHI2,YOR043W,ss,Whi mutant (small cell size),"Gatbonton et al., PLoS Genet. 2006 Mar;2(3):e35. Epub 2006 Mar 17."
XDJ1,YLR090W,S,Chaperone regulator,"Askree et al., Proc Natl Acad Sci U S A. 2004 Jun 8;101(23):8658-63. Epub 2004 May 25."
XRS2,YDR369C,VS,"DNA repair (Rad50, Mre11, Xrs2 complex)","Askree et al., Proc Natl Acad Sci U S A. 2004 Jun 8;101(23):8658-63. Epub 2004 May 25. Gatbonton et al., PLoS Genet. 2006 Mar;2(3):e35. Epub 2006 Mar 17."
HSL7,YBR134W,sl,Protein arginine N-methyltransferase,"Gatbonton et al., PLoS Genet. 2006 Mar;2(3):e35. Epub 2006 Mar 17."
YBR284W,YBR284W,L,similar to Amd1 adenosine deaminase,"Gatbonton et al., PLoS Genet. 2006 Mar;2(3):e35. Epub 2006 Mar 17."
YBR292C,YBR292C,sl,unknown,"Gatbonton et al., PLoS Genet. 2006 Mar;2(3):e35. Epub 2006 Mar 17."
PAU24,YBR300C,L,Cell wall mannoprotein,"Gatbonton et al., PLoS Genet. 2006 Mar;2(3):e35. Epub 2006 Mar 17."
YDJ1,YNL064C,sl,HSP40 co-chaperone,"Askree et al., Proc Natl Acad Sci U S A. 2004 Jun 8;101(23):8658-63. Epub 2004 May 25."
HEM25,YDL118W,ss,mitoch. glycine transporter,"Askree et al., Proc Natl Acad Sci U S A. 2004 Jun 8;101(23):8658-63. Epub 2004 May 25. Gatbonton et al., PLoS Genet. 2006 Mar;2(3):e35. Epub 2006 Mar 17."
YDL119C,YDL119C,ss,mitoch. glycine transporter,"Gatbonton et al., PLoS Genet. 2006 Mar;2(3):e35. Epub 2006 Mar 17."
MRX14,YDR115W,ss,Mitochondrial ribosomal protein,"Askree et al., Proc Natl Acad Sci U S A. 2004 Jun 8;101(23):8658-63. Epub 2004 May 25."
RRP17,YDR413c,S,ribosome biogenesis,"Meng et al. The EMBO Journal (2009) 28, 1466–1500"
SSN2,YDR442W,sl,Mediator,"Gatbonton et al., PLoS Genet. 2006 Mar;2(3):e35. Epub 2006 Mar 17."
KRE28,YDR532C,ss,Subunit of a kinetochore-microtubule binding complex;,"Askree et al., Proc Natl Acad Sci U S A. 2004 Jun 8;101(23):8658-63. Epub 2004 May 25. Gatbonton et al., PLoS Genet. 2006 Mar;2(3):e35. Epub 2006 Mar 17."
SDD1,YEL057C,S,Unknown,"Askree et al., Proc Natl Acad Sci U S A. 2004 Jun 8;101(23):8658-63. Epub 2004 May 25."
YFH1,YDL120w,S,iron homeostasis,"Meng et al. The EMBO Journal (2009) 28, 1466–1496"
YGL039W,YGL039W,sl,NADPH-related oxidoreductase,"Askree et al., Proc Natl Acad Sci U S A. 2004 Jun 8;101(23):8658-63. Epub 2004 May 25."
MTE1,YGR042W,S,Unknown,"Askree et al., Proc Natl Acad Sci U S A. 2004 Jun 8;101(23):8658-63. Epub 2004 May 25."
YHL012W,YHL012W,sl,UTP-glucose-1-phosphate uridylyltransferase,"Gatbonton et al., PLoS Genet. 2006 Mar;2(3):e35. Epub 2006 Mar 17."
PKP1,YIL042C,ss,Mitochondrial kinase,"Askree et al., Proc Natl Acad Sci U S A. 2004 Jun 8;101(23):8658-63. Epub 2004 May 25."
RCI37,YIL077C,ss,large mitoribosomal subunit,"Gatbonton et al., PLoS Genet. 2006 Mar;2(3):e35. Epub 2006 Mar 17."
YIR016w,YIR016w,"2 populations, normal and VERY long. Shows it also upon re-streaking",unknown,"Puddu et al., Nature in press."
RBH1,YJL182C,sl,unknown,"Gatbonton et al., PLoS Genet. 2006 Mar;2(3):e35. Epub 2006 Mar 17."
AIM24,YJR079W,sl,Mitochondria,"Gatbonton et al., PLoS Genet. 2006 Mar;2(3):e35. Epub 2006 Mar 17."
YKU70,YMR284W,VS,telomere binding protein,"Askree et al., Proc Natl Acad Sci U S A. 2004 Jun 8;101(23):8658-63. Epub 2004 May 25. Gatbonton et al., PLoS Genet. 2006 Mar;2(3):e35. Epub 2006 Mar 17."
YKU80,YMR106C,VS,telomere binding protein,"Askree et al., Proc Natl Acad Sci U S A. 2004 Jun 8;101(23):8658-63. Epub 2004 May 25. Gatbonton et al., PLoS Genet. 2006 Mar;2(3):e35. Epub 2006 Mar 17."
EIS1,YMR031W-A,S,Component of the eisosome required for proper eisosome assembly; similar to Uso1,"Askree et al., Proc Natl Acad Sci U S A. 2004 Jun 8;101(23):8658-63. Epub 2004 May 25."
TMA23,YMR269W,sl,ribosome biogenesis,"Askree et al., Proc Natl Acad Sci U S A. 2004 Jun 8;101(23):8658-63. Epub 2004 May 25."
RTC1,YOL138C,S,"Subunit of SEACAT, Ror1","Askree et al., Proc Natl Acad Sci U S A. 2004 Jun 8;101(23):8658-63. Epub 2004 May 25."
YOR008C-A,YOR008C-A,sl,Diepoxybutane and mitomycin C resistance,"Askree et al., Proc Natl Acad Sci U S A. 2004 Jun 8;101(23):8658-63. Epub 2004 May 25."
MSA1,YOR066W,sl,Activator of G1-specific transcription factors MBF and SBF,"Gatbonton et al., PLoS Genet. 2006 Mar;2(3):e35. Epub 2006 Mar 17."
YOR1,YGR281W,L,"Multidrug resistant transporter, Int./PP2A","Askree et al., Proc Natl Acad Sci U S A. 2004 Jun 8;101(23):8658-63. Epub 2004 May 25."
IRC13,YOR235W,sl, increased levels of spontaneous Rad52 foci ,"Gatbonton et al., PLoS Genet. 2006 Mar;2(3):e35. Epub 2006 Mar 17."
YPK3,YBR028C,sl,"AGC kinase, TOR pathway","Puddu et al., Nature in press."
IRC15,YPL017C,sl,Microtubule associated protein,"Gatbonton et al., PLoS Genet. 2006 Mar;2(3):e35. Epub 2006 Mar 17."
MRX11,YPL041C,S,Protein that associates with mitochondrial ribosome,"Askree et al., Proc Natl Acad Sci U S A. 2004 Jun 8;101(23):8658-63. Epub 2004 May 25."
YPL068C,YPL068C,sl,unknown,"Gatbonton et al., PLoS Genet. 2006 Mar;2(3):e35. Epub 2006 Mar 17."
YPL105C,YPL105C,sl,"Unknown, Int./Mud2, Msl5","Askree et al., Proc Natl Acad Sci U S A. 2004 Jun 8;101(23):8658-63. Epub 2004 May 25."
YPL144W,YPL144W,S,"Cell wall, phospholipids","Askree et al., Proc Natl Acad Sci U S A. 2004 Jun 8;101(23):8658-63. Epub 2004 May 25."
YPL205C,YPL205C,S,Overlaps with HRR25,"Askree et al., Proc Natl Acad Sci U S A. 2004 Jun 8;101(23):8658-63. Epub 2004 May 25."
YPP1,YGR198W,DAmP Short,Cargo-transport protein involved in endocytosis.,"Ungar et al., Nucleic Acids Res. 2009 Jul;37(12):3840-9. doi: 10.1093/nar/gkp259. Epub 2009 Apr 22."
YPT7,YML001W,ss,vesicular transport,"Gatbonton et al., PLoS Genet. 2006 Mar;2(3):e35. Epub 2006 Mar 17."
YSP3,YOR003W,ss,Subtilisin-like peptidase,"Askree et al., Proc Natl Acad Sci U S A. 2004 Jun 8;101(23):8658-63. Epub 2004 May 25."
YTA7,YGR270W,S,Affects ergosterol and dolicol synthesis,"Askree et al., Proc Natl Acad Sci U S A. 2004 Jun 8;101(23):8658-63. Epub 2004 May 25."
ZEO1,YOL109W,sl,Plasma membrane protein,"Gatbonton et al., PLoS Genet. 2006 Mar;2(3):e35. Epub 2006 Mar 17."